Lead_ID,Opp_ID,Account_ID,Order_ID,Quote_ID,Product Name,Invioce_ID,Product_ID,Actual Revenue,Created On,Close Date,City
LE-649-64477,OP-623-96308,ACC-194-38176,OR-561-92227,QU-201-26688,Mark-1,IN-964-38936,A-4r4833h7,5809,16/04/2018,02/04/2019,Belfast
LE-624-41567,OP-399-11979,ACC-269-25387,OR-034-44574,QU-383-43776,Print Bed,IN-733-71078,SP-7g2488r5,2394,18/05/2018,08/11/2018,Cork
LE-545-64581,OP-519-82920,ACC-385-92281,OR-822-98693,QU-163-76252,Frame,IN-410-54295,SP-9o2014z5,7054,19/05/2018,11/21/2018,Maynooth
LE-732-31829,OP-741-18581,ACC-525-64429,OR-805-86401,QU-593-15300,Belts,IN-277-52507,SP-1j3802q0,4893,22/04/2018,12/02/2018,Galway
LE-105-96425,OP-601-86491,ACC-087-41107,OR-501-60955,QU-751-48273,Mark-50,IN-308-61160,A-9o2147a8,1655,08/03/2018,9/22/2018,Dublin
LE-329-84674,OP-880-37727,ACC-245-73916,OR-050-57590,QU-323-53431,Mark-5,IN-668-71965,A-9i3568y3,5009,10/03/2018,8/24/2018,Galway
LE-902-37367,OP-536-98285,ACC-796-10653,OR-251-97436,QU-181-81986,Mark-1,IN-968-65051,A-4r4833h7,5952,08/07/2018,9/27/2018,Dublin
LE-424-04805,OP-494-77902,ACC-498-13602,OR-050-80482,QU-615-43047,Belts,IN-872-97488,SP-1j3802q0,4775,01/06/2018,08/09/2018,Maynooth
LE-145-52952,OP-620-00251,ACC-379-28055,OR-131-14571,QU-476-30114,Mark-1,IN-145-16832,A-4r4833h7,4935,02/05/2018,9/21/2018,Galway
LE-472-97423,OP-185-36300,ACC-235-38769,OR-240-27414,QU-406-07167,Mark-1,IN-613-38836,A-4r4833h7,5985,22/07/2018,8/26/2018,Cork
LE-111-93864,OP-909-71106,ACC-795-26820,OR-724-79215,QU-429-44805,Belts,IN-296-67055,SP-1j3802q0,7108,18/05/2018,09/02/2018,Cork
LE-975-14844,OP-057-58881,ACC-157-17191,OR-321-73740,QU-786-83947,Mark-50,IN-627-85731,A-9o2147a8,5380,15/05/2018,12/27/2018,Maynooth
LE-919-49056,OP-299-31822,ACC-204-52309,OR-219-22446,QU-489-11476,Mark-50,IN-792-28529,A-9o2147a8,5485,12/03/2018,11/05/2018,Belfast
LE-005-78221,OP-655-64511,ACC-606-61843,OR-054-50089,QU-958-61340,Filament,IN-748-87222,SP-4o9597q4,8056,27/04/2018,11/02/2018,Dublin
LE-013-51538,OP-512-43854,ACC-565-50415,OR-555-16520,QU-340-49879,Print Bed,IN-574-39737,SP-7g2488r5,7275,17/07/2018,08/03/2018,Maynooth
LE-067-43561,OP-099-36134,ACC-336-27562,OR-418-99600,QU-547-68851,Print Bed,IN-467-21999,SP-7g2488r5,7470,01/04/2018,9/26/2018,Limerick
LE-901-85325,OP-694-63575,ACC-423-39999,OR-343-80660,QU-336-88182,Mark-50,IN-327-72368,A-9o2147a8,3880,26/06/2018,2/21/2019,Limerick
LE-609-90176,OP-426-08942,ACC-177-06725,OR-006-83302,QU-085-90993,Mark-10,IN-134-72831,A-0u7085f0,8158,07/04/2018,8/15/2018,Cork
LE-160-94957,OP-701-60440,ACC-990-33123,OR-657-29055,QU-219-46132,Mark-50,IN-674-23103,A-9o2147a8,8017,31/03/2018,1/24/2019,Dublin
LE-866-93731,OP-106-57458,ACC-710-43093,OR-691-66327,QU-083-86668,Controller Board,IN-167-65598,SP-6x5102j8,10625,16/07/2018,10/08/2018,Galway
LE-527-68484,OP-573-65066,ACC-493-89285,OR-843-55934,QU-835-34204,Jarvis-1 T,IN-580-29642,A-5q8351o1,7024,23/05/2018,8/31/2018,Dublin
LE-520-31489,OP-190-88624,ACC-925-39884,OR-462-10976,QU-391-52211,Mark-10,IN-490-36422,A-0u7085f0,6811,15/05/2018,11/10/2018,Belfast
LE-546-37664,OP-203-25228,ACC-072-68130,OR-673-65404,QU-180-99125,Filament,IN-246-26308,SP-4o9597q4,3468,28/06/2018,9/30/2018,Belfast
LE-989-94065,OP-167-28753,ACC-276-12920,OR-967-34653,QU-827-43379,Mark-1,IN-892-91871,A-4r4833h7,4434,21/04/2018,9/13/2018,Limerick
LE-999-57359,OP-396-33882,ACC-014-25018,OR-531-36058,QU-259-49184,Filament,IN-929-16980,SP-4o9597q4,6129,06/06/2018,11/24/2018,Dublin
LE-420-65831,OP-550-02479,ACC-095-74673,OR-566-30642,QU-591-32222,Mark-1,IN-579-17636,A-4r4833h7,6762,08/04/2018,11/10/2018,Cork
LE-510-97463,OP-326-78886,ACC-285-44564,OR-028-14990,QU-970-77797,Frame,IN-763-51927,SP-9o2014z5,5332,07/06/2018,10/12/2018,Galway
LE-343-39852,OP-134-15669,ACC-268-09793,OR-651-54851,QU-690-11163,Filament,IN-520-00910,SP-4o9597q4,10300,19/07/2018,12/09/2018,Belfast
LE-002-93531,OP-855-54733,ACC-619-62495,OR-741-16671,QU-877-74283,Jarvis-5 T,IN-764-73755,A-1s3102u0,3498,21/06/2018,11/13/2018,Dublin
LE-495-57510,OP-477-96962,ACC-898-09050,OR-453-98423,QU-087-71177,Mark-1,IN-291-02036,A-4r4833h7,8696,26/06/2018,8/25/2018,Dublin
LE-411-89917,OP-919-88418,ACC-983-90962,OR-395-30908,QU-186-74152,Print Bed,IN-308-16162,SP-7g2488r5,8400,05/07/2018,8/21/2018,Galway
LE-209-71476,OP-545-39039,ACC-000-01940,OR-574-68638,QU-851-15580,Print Bed,IN-238-73829,SP-7g2488r5,5389,18/06/2018,11/01/2018,Limerick
LE-869-87060,OP-462-95865,ACC-205-30391,OR-501-01767,QU-532-36308,Controller Board,IN-829-39022,SP-6x5102j8,6960,25/03/2018,12/30/2018,Maynooth
LE-276-19277,OP-723-18152,ACC-288-32037,OR-067-07032,QU-822-15238,Mark-50,IN-923-64913,A-9o2147a8,6875,16/05/2018,01/06/2019,Limerick
LE-061-34019,OP-461-75446,ACC-110-58737,OR-985-19740,QU-175-13187,Jarvis-5 T,IN-478-17114,A-1s3102u0,7546,09/04/2018,8/17/2018,Limerick
LE-610-79245,OP-020-49837,ACC-217-35544,OR-616-41362,QU-737-13837,Jarvis-5 T,IN-783-67160,A-1s3102u0,5776,18/03/2018,10/23/2018,Limerick
LE-756-35800,OP-243-03808,ACC-207-44926,OR-335-61525,QU-228-94777,Mark-5,IN-643-22517,A-9i3568y3,6665,11/04/2018,1/17/2019,Belfast
LE-622-31682,OP-042-93196,ACC-408-41387,OR-657-44725,QU-494-88635,Filament,IN-523-09649,SP-4o9597q4,4332,27/07/2018,12/02/2018,Dublin
LE-032-10156,OP-883-25182,ACC-561-17626,OR-633-80739,QU-849-36219,Mark-1,IN-799-52252,A-4r4833h7,8451,27/07/2018,1/17/2019,Cork
LE-182-72801,OP-439-09460,ACC-618-69401,OR-620-87022,QU-175-04061,Frame,IN-389-66415,SP-9o2014z5,8233,13/05/2018,2/27/2019,Maynooth
LE-975-60308,OP-758-77201,ACC-399-46985,OR-782-36870,QU-662-41144,Software and Drivers,IN-748-70383,S-3h9809u2,6288,27/03/2018,12/23/2018,Belfast
LE-782-28828,OP-284-99124,ACC-487-99588,OR-457-75657,QU-537-30846,Jarvis-5 T,IN-003-31824,A-1s3102u0,9306,26/05/2018,12/02/2018,Limerick
LE-762-25161,OP-396-63011,ACC-225-96413,OR-702-71640,QU-962-34772,Print Bed,IN-331-37486,SP-7g2488r5,4859,16/05/2018,10/26/2018,Dublin
LE-765-12438,OP-896-43831,ACC-586-66147,OR-686-60849,QU-498-23146,Jarvis-1 T,IN-542-70065,A-5q8351o1,7820,02/04/2018,1/16/2019,Limerick
LE-627-26290,OP-839-50282,ACC-450-33332,OR-774-20798,QU-259-95729,Filament,IN-517-03804,SP-4o9597q4,2975,13/06/2018,12/29/2018,Dublin
LE-321-82256,OP-593-86573,ACC-344-77680,OR-440-05544,QU-402-87043,Mark-5,IN-898-89929,A-9i3568y3,4267,29/05/2018,09/11/2018,Dublin
LE-469-62489,OP-328-16893,ACC-857-26939,OR-208-26024,QU-781-95797,Mark-10,IN-607-90931,A-0u7085f0,5409,19/03/2018,11/30/2018,Belfast
LE-618-87751,OP-378-21142,ACC-032-59496,OR-643-73657,QU-997-68700,Mark-1,IN-649-81287,A-4r4833h7,1381,15/06/2018,8/15/2018,Belfast
LE-227-40045,OP-817-75325,ACC-252-15220,OR-442-12716,QU-530-20825,Print Bed,IN-976-91218,SP-7g2488r5,7130,11/07/2018,8/18/2018,Dublin
LE-703-24127,OP-620-06155,ACC-134-08700,OR-397-80689,QU-500-37346,Jarvis-1 T,IN-854-37887,A-5q8351o1,6927,19/03/2018,10/24/2018,Belfast
LE-700-21462,OP-654-85094,ACC-949-27413,OR-683-33942,QU-070-29913,Frame,IN-271-63982,SP-9o2014z5,4062,06/06/2018,10/15/2018,Belfast
LE-440-18406,OP-901-54326,ACC-396-11419,OR-730-85453,QU-558-60542,Frame,IN-275-51630,SP-9o2014z5,5926,01/07/2018,2/26/2019,Limerick
LE-733-46845,OP-505-04151,ACC-040-72318,OR-938-50038,QU-651-50083,Frame,IN-040-89568,SP-9o2014z5,7494,10/05/2018,10/31/2018,Maynooth
LE-437-49570,OP-374-10068,ACC-130-29266,OR-031-97319,QU-815-34593,Controller Board,IN-259-95321,SP-6x5102j8,3921,12/03/2018,8/22/2018,Maynooth
LE-505-01603,OP-117-07444,ACC-648-39466,OR-731-81593,QU-721-53228,Mark-50,IN-680-77406,A-9o2147a8,5402,20/07/2018,12/22/2018,Cork
LE-845-62947,OP-154-17690,ACC-335-80182,OR-836-07779,QU-205-91167,Print Bed,IN-452-26306,SP-7g2488r5,6824,30/07/2018,08/09/2018,Galway
LE-796-49566,OP-192-31147,ACC-397-40815,OR-615-56533,QU-133-54570,Belts,IN-734-65601,SP-1j3802q0,4102,31/03/2018,8/31/2018,Dublin
LE-141-78854,OP-575-35504,ACC-850-30115,OR-682-37977,QU-306-21952,Software and Drivers,IN-971-94242,S-3h9809u2,3028,18/04/2018,02/06/2019,Cork
LE-261-39177,OP-930-75109,ACC-262-26034,OR-723-66923,QU-974-09343,Mark-50,IN-657-76617,A-9o2147a8,8012,12/07/2018,10/12/2018,Belfast
LE-077-89702,OP-847-04456,ACC-582-81002,OR-408-04889,QU-577-51535,Mark-1,IN-928-00333,A-4r4833h7,8617,14/03/2018,10/13/2018,Cork
LE-059-66978,OP-651-32408,ACC-783-34517,OR-307-23724,QU-893-74102,Mark-50,IN-913-93445,A-9o2147a8,6344,04/05/2018,12/29/2018,Limerick
LE-698-30431,OP-139-76486,ACC-259-83670,OR-418-30471,QU-402-77203,Jarvis-1 T,IN-976-23032,A-5q8351o1,5814,10/04/2018,8/27/2018,Belfast
LE-270-05758,OP-743-28865,ACC-158-48589,OR-145-67714,QU-468-25080,Frame,IN-072-55114,SP-9o2014z5,9080,06/04/2018,11/23/2018,Limerick
LE-101-05684,OP-348-73691,ACC-929-86352,OR-721-94882,QU-855-18657,Belts,IN-866-36028,SP-1j3802q0,4630,24/07/2018,08/12/2018,Dublin
LE-531-83890,OP-510-97894,ACC-954-07476,OR-034-88800,QU-849-12702,Print Bed,IN-425-96833,SP-7g2488r5,7711,22/03/2018,10/13/2018,Dublin
LE-880-73510,OP-911-10001,ACC-313-91080,OR-744-58860,QU-596-47171,Jarvis-5 T,IN-522-07386,A-1s3102u0,9508,17/07/2018,10/18/2018,Dublin
LE-307-09746,OP-001-57918,ACC-622-59510,OR-002-51579,QU-307-56718,Jarvis-5 T,IN-968-11157,A-1s3102u0,5804,09/03/2018,01/11/2019,Galway
LE-323-93712,OP-379-94243,ACC-385-21878,OR-839-20079,QU-882-92642,Mark-5,IN-459-76392,A-9i3568y3,4459,14/04/2018,01/09/2019,Belfast
LE-019-11795,OP-670-66003,ACC-995-62063,OR-436-05434,QU-602-84035,Mark-1,IN-780-13414,A-4r4833h7,10523,22/05/2018,01/03/2019,Cork
LE-458-62752,OP-959-34564,ACC-802-43129,OR-763-16098,QU-576-55655,Software and Drivers,IN-235-30496,S-3h9809u2,8955,27/04/2018,8/15/2018,Maynooth
LE-489-40432,OP-674-58966,ACC-762-27245,OR-983-37767,QU-532-75679,Mark-10,IN-821-53727,A-0u7085f0,2916,16/07/2018,12/19/2018,Dublin
LE-072-44875,OP-897-26993,ACC-638-24511,OR-497-73983,QU-606-64772,Jarvis-5 T,IN-663-77891,A-1s3102u0,8034,02/05/2018,11/18/2018,Dublin
LE-395-63919,OP-935-50029,ACC-541-90094,OR-429-33672,QU-820-56244,Jarvis-5 T,IN-680-82628,A-1s3102u0,4841,01/05/2018,10/02/2018,Belfast
LE-316-10153,OP-507-28202,ACC-283-42290,OR-822-23785,QU-211-60657,Frame,IN-802-41625,SP-9o2014z5,10589,13/03/2018,8/23/2018,Maynooth
LE-498-77966,OP-048-81726,ACC-881-50175,OR-287-32694,QU-442-71688,Frame,IN-362-66789,SP-9o2014z5,4956,06/06/2018,1/13/2019,Cork
LE-023-24871,OP-329-65834,ACC-566-59463,OR-406-08338,QU-477-71729,Mark-5,IN-206-88809,A-9i3568y3,8514,01/07/2018,2/27/2019,Galway
LE-507-80618,OP-278-10695,ACC-110-91664,OR-904-18604,QU-737-16591,Mark-5,IN-956-19124,A-9i3568y3,9228,22/03/2018,1/25/2019,Maynooth
LE-416-68931,OP-115-19232,ACC-929-66434,OR-292-73121,QU-485-20479,Filament,IN-691-54938,SP-4o9597q4,4820,28/07/2018,12/10/2018,Dublin
LE-046-04617,OP-623-53363,ACC-599-82710,OR-729-66633,QU-454-71721,Mark-1,IN-995-06775,A-4r4833h7,6709,25/06/2018,01/07/2019,Belfast
LE-912-88663,OP-327-65902,ACC-073-45297,OR-937-60536,QU-628-02150,Jarvis-5 T,IN-603-06055,A-1s3102u0,5195,20/07/2018,08/09/2018,Galway
LE-262-94269,OP-534-54458,ACC-726-85251,OR-800-30193,QU-610-26349,Print Bed,IN-090-99968,SP-7g2488r5,8405,23/06/2018,11/07/2018,Dublin
LE-334-20468,OP-220-82559,ACC-422-96537,OR-333-90221,QU-949-64938,Mark-5,IN-595-17105,A-9i3568y3,6637,08/06/2018,2/16/2019,Limerick
LE-210-03699,OP-697-75052,ACC-059-92323,OR-977-49604,QU-818-20411,Controller Board,IN-769-21027,SP-6x5102j8,3109,14/06/2018,10/05/2018,Dublin
LE-257-39950,OP-382-22607,ACC-730-80684,OR-947-36401,QU-433-91607,Mark-1,IN-038-44886,A-4r4833h7,9021,15/07/2018,11/20/2018,Maynooth
LE-602-89807,OP-359-71019,ACC-437-63992,OR-916-27919,QU-207-79403,Mark-50,IN-244-62560,A-9o2147a8,4898,25/05/2018,11/14/2018,Cork
LE-616-98694,OP-678-44721,ACC-734-08822,OR-425-07794,QU-201-31020,Controller Board,IN-017-83806,SP-6x5102j8,7906,17/05/2018,10/04/2018,Dublin
LE-371-86885,OP-635-63723,ACC-915-06138,OR-496-49005,QU-512-65129,Frame,IN-082-69426,SP-9o2014z5,7551,10/06/2018,8/20/2018,Galway
LE-057-33509,OP-072-47649,ACC-253-84537,OR-047-07734,QU-355-50147,Controller Board,IN-263-46192,SP-6x5102j8,9235,05/03/2018,11/15/2018,Maynooth
LE-778-35078,OP-558-12413,ACC-535-97085,OR-247-82880,QU-185-47562,Mark-10,IN-832-02530,A-0u7085f0,4913,19/03/2018,2/21/2019,Dublin
LE-246-86695,OP-223-53002,ACC-459-89758,OR-330-76672,QU-591-83027,Filament,IN-609-35660,SP-4o9597q4,9489,29/05/2018,10/28/2018,Maynooth
LE-869-61807,OP-443-58428,ACC-748-67215,OR-027-65722,QU-813-56736,Mark-10,IN-918-06491,A-0u7085f0,9760,15/06/2018,12/05/2018,Belfast
LE-580-40184,OP-463-93410,ACC-320-11785,OR-835-04819,QU-299-24311,Frame,IN-552-58773,SP-9o2014z5,1723,07/03/2018,02/04/2019,Maynooth
LE-753-33736,OP-396-97782,ACC-865-88053,OR-688-54924,QU-037-09012,Controller Board,IN-482-89479,SP-6x5102j8,8966,16/07/2018,2/26/2019,Belfast
LE-785-56609,OP-971-04178,ACC-901-94624,OR-865-91790,QU-139-86062,Filament,IN-115-41871,SP-4o9597q4,5061,30/05/2018,02/02/2019,Dublin
LE-837-84795,OP-732-87014,ACC-732-33017,OR-012-92954,QU-253-35257,Mark-10,IN-043-71633,A-0u7085f0,8872,19/06/2018,12/21/2018,Dublin
LE-955-75144,OP-317-04297,ACC-830-21587,OR-783-02897,QU-174-93958,Filament,IN-038-88483,SP-4o9597q4,2935,14/07/2018,10/29/2018,Cork
LE-950-27056,OP-458-36175,ACC-347-84228,OR-878-38448,QU-703-56441,Jarvis-1 T,IN-740-92262,A-5q8351o1,1673,28/05/2018,12/13/2018,Galway
LE-775-68902,OP-252-49451,ACC-663-96683,OR-625-01874,QU-695-19439,Mark-5,IN-141-94738,A-9i3568y3,4193,28/05/2018,11/22/2018,Limerick
LE-999-17064,OP-554-06289,ACC-169-57690,OR-017-99469,QU-404-45575,Software and Drivers,IN-381-50628,S-3h9809u2,8563,18/03/2018,10/03/2018,Galway
LE-642-08029,OP-417-58721,ACC-203-17691,OR-084-70437,QU-202-93975,Frame,IN-914-00348,SP-9o2014z5,6609,06/05/2018,2/13/2019,Maynooth
LE-755-17619,OP-899-50702,ACC-019-68789,OR-942-81704,QU-503-09161,Mark-10,IN-410-08296,A-0u7085f0,4385,13/03/2018,08/04/2018,Cork
LE-658-24004,OP-515-16359,ACC-048-32172,OR-578-65333,QU-986-69676,Software and Drivers,IN-949-64063,S-3h9809u2,9816,25/06/2018,12/21/2018,Galway
LE-139-07913,OP-614-97367,ACC-874-77409,OR-950-07153,QU-118-78626,Jarvis-1 T,IN-472-63900,A-5q8351o1,6003,01/06/2018,2/16/2019,Maynooth
LE-664-39706,OP-790-74880,ACC-939-71398,OR-101-81667,QU-872-53507,Jarvis-1 T,IN-265-75708,A-5q8351o1,2124,24/04/2018,10/09/2018,Cork
LE-198-70744,OP-253-72217,ACC-269-96885,OR-596-60382,QU-594-08174,Jarvis-1 T,IN-342-98012,A-5q8351o1,8708,15/03/2018,11/18/2018,Belfast
LE-448-76136,OP-418-89810,ACC-652-23820,OR-749-09175,QU-830-23489,Controller Board,IN-976-01577,SP-6x5102j8,7209,22/05/2018,2/16/2019,Limerick
LE-224-55239,OP-445-98234,ACC-090-78685,OR-560-00848,QU-600-05778,Controller Board,IN-630-12423,SP-6x5102j8,6137,03/06/2018,12/15/2018,Cork
LE-728-28871,OP-310-75002,ACC-927-43585,OR-866-83825,QU-756-72930,Software and Drivers,IN-302-47061,S-3h9809u2,6673,05/06/2018,9/17/2018,Cork
LE-011-75962,OP-719-02886,ACC-608-47637,OR-359-20717,QU-042-89972,Mark-1,IN-444-73628,A-4r4833h7,6944,25/05/2018,1/29/2019,Cork
LE-594-24178,OP-082-91743,ACC-387-41236,OR-336-76491,QU-182-45762,Controller Board,IN-732-95597,SP-6x5102j8,2383,13/06/2018,1/29/2019,Dublin
LE-574-07920,OP-432-86029,ACC-206-62171,OR-526-38843,QU-989-59347,Mark-5,IN-264-46408,A-9i3568y3,6755,12/03/2018,8/18/2018,Limerick
LE-890-17847,OP-583-22762,ACC-683-99436,OR-983-39763,QU-097-59886,Controller Board,IN-779-20848,SP-6x5102j8,3495,06/05/2018,02/12/2019,Maynooth
LE-976-03759,OP-240-42826,ACC-641-95570,OR-309-48851,QU-053-00219,Filament,IN-308-49497,SP-4o9597q4,6354,18/04/2018,08/12/2018,Limerick
LE-288-43954,OP-271-90256,ACC-465-51527,OR-810-97998,QU-698-13569,Mark-5,IN-580-06940,A-9i3568y3,6214,31/05/2018,1/18/2019,Galway
LE-676-91388,OP-626-30135,ACC-761-93772,OR-017-09962,QU-696-63673,Mark-10,IN-201-69971,A-0u7085f0,8411,18/06/2018,12/16/2018,Dublin
LE-978-85880,OP-109-71615,ACC-430-85660,OR-748-87604,QU-491-06956,Print Bed,IN-169-06188,SP-7g2488r5,7788,07/06/2018,09/05/2018,Belfast
LE-997-37260,OP-565-41694,ACC-641-10820,OR-199-60470,QU-608-96795,Mark-10,IN-864-75755,A-0u7085f0,3641,18/06/2018,1/19/2019,Cork
LE-469-78382,OP-864-54079,ACC-447-75830,OR-684-22564,QU-826-47660,Controller Board,IN-048-63883,SP-6x5102j8,5577,25/05/2018,12/07/2018,Galway
LE-930-35387,OP-259-02957,ACC-515-28144,OR-922-48086,QU-210-53947,Software and Drivers,IN-256-26197,S-3h9809u2,5081,24/06/2018,10/04/2018,Dublin
LE-025-51682,OP-357-89120,ACC-287-43168,OR-357-40081,QU-473-86158,Controller Board,IN-939-89561,SP-6x5102j8,6100,14/03/2018,02/05/2019,Dublin
LE-695-40110,OP-472-40667,ACC-202-04858,OR-546-76078,QU-431-47081,Jarvis-5 T,IN-000-66838,A-1s3102u0,5206,13/03/2018,8/25/2018,Belfast
LE-287-37447,OP-963-09004,ACC-748-58745,OR-321-59619,QU-353-22345,Controller Board,IN-256-13947,SP-6x5102j8,2626,24/07/2018,1/29/2019,Dublin
LE-741-09299,OP-535-20386,ACC-300-48091,OR-650-31051,QU-119-21462,Frame,IN-846-55764,SP-9o2014z5,2225,24/07/2018,1/31/2019,Maynooth
LE-505-13769,OP-656-34832,ACC-590-88541,OR-488-27847,QU-184-06297,Jarvis-5 T,IN-351-23803,A-1s3102u0,3858,28/03/2018,2/13/2019,Cork
LE-318-76753,OP-750-12523,ACC-962-24215,OR-371-18669,QU-519-22941,Mark-10,IN-859-74216,A-0u7085f0,3393,30/05/2018,12/18/2018,Limerick
LE-296-20046,OP-669-50828,ACC-817-90552,OR-097-22526,QU-556-16917,Frame,IN-494-67174,SP-9o2014z5,7878,30/04/2018,11/15/2018,Limerick
LE-488-75781,OP-274-59561,ACC-395-32362,OR-693-54863,QU-336-96776,Frame,IN-350-26257,SP-9o2014z5,5817,15/06/2018,1/22/2019,Dublin
LE-542-03260,OP-266-94379,ACC-623-43403,OR-315-71398,QU-094-21593,Mark-50,IN-512-03464,A-9o2147a8,6097,08/06/2018,02/09/2019,Dublin
LE-097-51152,OP-841-67751,ACC-551-67466,OR-149-22520,QU-228-64432,Belts,IN-707-50054,SP-1j3802q0,4560,14/07/2018,9/13/2018,Cork
LE-827-60643,OP-657-13129,ACC-741-72249,OR-968-46532,QU-406-66991,Mark-5,IN-654-49115,A-9i3568y3,8508,22/04/2018,11/02/2018,Limerick
LE-755-31893,OP-924-62668,ACC-470-34572,OR-399-82372,QU-808-89854,Mark-1,IN-693-78340,A-4r4833h7,4139,11/03/2018,12/03/2018,Maynooth
LE-430-07047,OP-187-07254,ACC-462-64286,OR-195-67976,QU-655-86076,Jarvis-5 T,IN-505-72346,A-1s3102u0,7862,03/05/2018,8/16/2018,Galway
LE-938-03414,OP-416-24460,ACC-187-26211,OR-463-57683,QU-898-92414,Filament,IN-121-73609,SP-4o9597q4,5924,20/04/2018,09/07/2018,Limerick
LE-155-31961,OP-880-91448,ACC-056-30313,OR-510-77030,QU-887-88621,Mark-10,IN-335-43351,A-0u7085f0,9105,26/04/2018,12/02/2018,Belfast
LE-462-30414,OP-729-08511,ACC-518-81535,OR-711-07599,QU-357-91290,Controller Board,IN-244-93412,SP-6x5102j8,5516,02/05/2018,9/26/2018,Galway
LE-097-98028,OP-810-99529,ACC-211-85358,OR-566-38600,QU-759-70658,Mark-50,IN-827-63481,A-9o2147a8,6814,20/04/2018,01/05/2019,Galway
LE-075-69474,OP-327-30161,ACC-792-99733,OR-687-98371,QU-725-56942,Mark-5,IN-237-92187,A-9i3568y3,7541,20/07/2018,12/02/2018,Galway
LE-534-91395,OP-497-83667,ACC-246-86261,OR-146-56157,QU-457-12858,Jarvis-1 T,IN-978-44377,A-5q8351o1,4664,15/03/2018,09/06/2018,Maynooth
LE-435-29339,OP-426-72589,ACC-427-39613,OR-121-80853,QU-992-83086,Print Bed,IN-448-40338,SP-7g2488r5,7476,04/04/2018,12/08/2018,Galway
LE-580-82225,OP-790-64778,ACC-589-41647,OR-262-02190,QU-524-18814,Frame,IN-138-49642,SP-9o2014z5,6545,15/07/2018,9/14/2018,Galway
LE-912-44783,OP-594-90722,ACC-602-59866,OR-998-20285,QU-596-47497,Software and Drivers,IN-966-50154,S-3h9809u2,9149,11/07/2018,8/29/2018,Maynooth
LE-359-38815,OP-107-59911,ACC-988-30747,OR-604-86236,QU-843-07568,Filament,IN-191-80658,SP-4o9597q4,4880,08/06/2018,2/15/2019,Dublin
LE-189-20706,OP-826-09910,ACC-748-93296,OR-669-87566,QU-187-37049,Software and Drivers,IN-222-75435,S-3h9809u2,4488,27/07/2018,1/15/2019,Maynooth
LE-067-67260,OP-637-36048,ACC-974-73889,OR-525-47468,QU-617-01099,Jarvis-1 T,IN-202-20274,A-5q8351o1,5027,25/03/2018,9/28/2018,Cork
LE-742-26048,OP-997-10606,ACC-842-29908,OR-790-28794,QU-617-98946,Mark-5,IN-774-88703,A-9i3568y3,7345,17/03/2018,08/08/2018,Dublin
LE-315-18053,OP-665-40054,ACC-085-84033,OR-595-46709,QU-059-28465,Mark-5,IN-623-29351,A-9i3568y3,5771,03/04/2018,11/12/2018,Cork
LE-845-29468,OP-666-53802,ACC-543-06454,OR-395-29119,QU-031-30602,Mark-5,IN-197-55705,A-9i3568y3,4800,08/06/2018,10/01/2018,Limerick
LE-088-05893,OP-806-26742,ACC-438-41538,OR-682-97956,QU-916-79255,Jarvis-5 T,IN-749-96857,A-1s3102u0,5469,04/04/2018,12/25/2018,Dublin
LE-659-92278,OP-876-46119,ACC-106-00388,OR-438-82238,QU-371-01949,Mark-5,IN-925-92956,A-9i3568y3,4977,24/03/2018,01/06/2019,Cork
LE-303-14149,OP-643-12020,ACC-977-70754,OR-172-39435,QU-618-87030,Filament,IN-844-40995,SP-4o9597q4,4898,08/07/2018,9/13/2018,Belfast
LE-574-38456,OP-921-40715,ACC-358-04101,OR-075-92653,QU-565-40680,Jarvis-5 T,IN-719-22304,A-1s3102u0,11090,29/07/2018,12/24/2018,Maynooth
LE-938-30785,OP-764-72599,ACC-461-41002,OR-089-68697,QU-651-38563,Print Bed,IN-537-03598,SP-7g2488r5,6717,09/06/2018,2/23/2019,Maynooth
LE-633-43866,OP-316-17055,ACC-984-23395,OR-158-27918,QU-982-61661,Mark-10,IN-139-16333,A-0u7085f0,6666,28/07/2018,12/05/2018,Belfast
LE-728-75459,OP-096-02950,ACC-789-63569,OR-862-26376,QU-213-59799,Mark-5,IN-846-48428,A-9i3568y3,4634,21/07/2018,02/07/2019,Limerick
LE-475-63639,OP-917-88601,ACC-237-84401,OR-280-98376,QU-389-84533,Software and Drivers,IN-923-10342,S-3h9809u2,6478,05/07/2018,8/26/2018,Limerick
LE-171-70189,OP-863-95599,ACC-531-53751,OR-429-94117,QU-949-10882,Mark-10,IN-278-85551,A-0u7085f0,6267,09/04/2018,12/05/2018,Dublin
LE-057-07100,OP-872-02491,ACC-509-54259,OR-137-00749,QU-650-21197,Jarvis-1 T,IN-397-19913,A-5q8351o1,5272,08/06/2018,09/10/2018,Limerick
LE-327-11184,OP-888-08374,ACC-726-72661,OR-954-85820,QU-899-33875,Software and Drivers,IN-946-37685,S-3h9809u2,5561,02/06/2018,11/05/2018,Cork
LE-289-96584,OP-171-98288,ACC-580-92849,OR-490-76713,QU-417-26317,Mark-5,IN-822-69584,A-9i3568y3,4786,25/07/2018,12/31/2018,Dublin
LE-834-04990,OP-030-89826,ACC-256-27942,OR-184-72302,QU-624-17106,Frame,IN-854-11707,SP-9o2014z5,4862,24/03/2018,8/23/2018,Galway
LE-526-94045,OP-007-07662,ACC-547-80568,OR-547-00225,QU-835-69886,Software and Drivers,IN-275-25409,S-3h9809u2,4510,05/05/2018,09/08/2018,Maynooth
LE-010-22559,OP-779-67528,ACC-768-73770,OR-610-76645,QU-106-91616,Jarvis-1 T,IN-331-20295,A-5q8351o1,8119,16/04/2018,02/02/2019,Cork
LE-275-26346,OP-653-72845,ACC-532-15273,OR-191-63796,QU-334-66525,Mark-5,IN-747-91623,A-9i3568y3,7691,09/05/2018,10/07/2018,Galway
LE-855-43795,OP-558-12427,ACC-490-05233,OR-964-49134,QU-704-64876,Software and Drivers,IN-517-04355,S-3h9809u2,6310,30/06/2018,10/11/2018,Cork
LE-491-23436,OP-678-37207,ACC-912-94870,OR-760-61826,QU-441-22909,Jarvis-1 T,IN-447-44588,A-5q8351o1,7160,30/07/2018,1/13/2019,Dublin
LE-674-81231,OP-202-11971,ACC-405-61058,OR-898-66007,QU-884-35360,Belts,IN-523-07954,SP-1j3802q0,3714,16/03/2018,2/20/2019,Dublin
LE-282-04060,OP-942-16600,ACC-976-03008,OR-229-76273,QU-016-30481,Mark-10,IN-140-08270,A-0u7085f0,9289,20/07/2018,01/06/2019,Dublin
LE-069-70680,OP-292-67190,ACC-173-31696,OR-057-64132,QU-876-59762,Mark-50,IN-801-94500,A-9o2147a8,4040,11/05/2018,12/11/2018,Maynooth
LE-295-87741,OP-342-75617,ACC-779-95665,OR-948-42076,QU-603-97337,Mark-10,IN-850-96491,A-0u7085f0,6650,03/04/2018,08/10/2018,Cork
LE-624-80821,OP-967-53485,ACC-666-20349,OR-556-32296,QU-276-17191,Filament,IN-257-24086,SP-4o9597q4,2813,12/03/2018,09/01/2018,Limerick
LE-164-35096,OP-460-93407,ACC-630-10391,OR-539-56315,QU-998-85726,Filament,IN-772-11409,SP-4o9597q4,8321,23/06/2018,09/07/2018,Cork
LE-080-87900,OP-585-43224,ACC-431-98414,OR-214-80344,QU-982-27773,Print Bed,IN-939-04533,SP-7g2488r5,7476,28/07/2018,08/02/2018,Cork
LE-087-87900,OP-085-64061,ACC-998-76350,OR-326-27301,QU-816-14185,Jarvis-1 T,IN-347-09049,A-5q8351o1,6402,11/03/2018,12/02/2018,Cork
LE-177-41806,OP-186-92296,ACC-242-02509,OR-898-43315,QU-926-49100,Mark-1,IN-092-62822,A-4r4833h7,7950,01/07/2018,02/10/2019,Limerick
LE-208-20902,OP-705-60693,ACC-839-55856,OR-076-60128,QU-028-01688,Belts,IN-807-59869,SP-1j3802q0,6303,08/06/2018,2/19/2019,Galway
LE-094-22472,OP-649-49561,ACC-129-17379,OR-444-06515,QU-402-58843,Controller Board,IN-563-39085,SP-6x5102j8,3809,29/07/2018,02/11/2019,Maynooth
LE-079-62038,OP-367-93552,ACC-592-53471,OR-524-98464,QU-223-03959,Mark-5,IN-431-89683,A-9i3568y3,9798,27/07/2018,10/04/2018,Galway
LE-209-60948,OP-899-14471,ACC-719-55470,OR-064-78071,QU-936-07903,Controller Board,IN-686-19757,SP-6x5102j8,5511,22/04/2018,09/08/2018,Maynooth
LE-337-79176,OP-283-34987,ACC-685-68006,OR-365-18573,QU-158-71337,Mark-1,IN-150-93323,A-4r4833h7,7310,10/03/2018,2/21/2019,Galway
LE-122-26649,OP-584-95499,ACC-910-80211,OR-950-64695,QU-221-86497,Software and Drivers,IN-153-50305,S-3h9809u2,7350,02/07/2018,10/30/2018,Maynooth
LE-395-96075,OP-557-86157,ACC-080-17510,OR-047-62598,QU-476-02354,Print Bed,IN-752-42467,SP-7g2488r5,4014,13/03/2018,09/06/2018,Belfast
LE-046-35620,OP-216-15305,ACC-801-76479,OR-311-32280,QU-670-08526,Jarvis-5 T,IN-229-06434,A-1s3102u0,4894,18/05/2018,09/08/2018,Limerick
LE-679-69617,OP-491-59993,ACC-053-29929,OR-515-71778,QU-389-30509,Print Bed,IN-131-82220,SP-7g2488r5,2888,15/04/2018,02/12/2019,Galway
LE-869-05486,OP-399-91268,ACC-980-39283,OR-459-20850,QU-924-98320,Print Bed,IN-030-04589,SP-7g2488r5,4852,18/07/2018,12/29/2018,Galway
LE-015-48265,OP-797-83730,ACC-763-18520,OR-176-57616,QU-484-35478,Controller Board,IN-926-48471,SP-6x5102j8,4388,09/07/2018,1/15/2019,Maynooth
LE-171-86673,OP-484-56988,ACC-739-02751,OR-368-89728,QU-287-88371,Print Bed,IN-067-71737,SP-7g2488r5,7264,13/04/2018,10/13/2018,Maynooth
LE-178-42958,OP-666-96804,ACC-030-49780,OR-627-34431,QU-994-60828,Belts,IN-215-10197,SP-1j3802q0,6721,26/04/2018,10/31/2018,Maynooth
LE-624-97438,OP-719-91174,ACC-805-22535,OR-906-33577,QU-774-68010,Frame,IN-930-56116,SP-9o2014z5,4122,31/05/2018,10/14/2018,Cork
LE-150-39741,OP-800-19504,ACC-025-97986,OR-025-69139,QU-228-84132,Filament,IN-679-71816,SP-4o9597q4,6498,13/04/2018,11/26/2018,Dublin
LE-531-71972,OP-038-43167,ACC-419-76971,OR-828-21865,QU-841-47913,Mark-1,IN-260-68497,A-4r4833h7,2451,30/05/2018,9/16/2018,Limerick
LE-349-39779,OP-524-60374,ACC-735-71555,OR-908-62803,QU-333-98471,Controller Board,IN-476-59341,SP-6x5102j8,4532,05/07/2018,10/01/2018,Limerick
LE-687-84617,OP-555-25212,ACC-174-38268,OR-105-28754,QU-480-09199,Mark-10,IN-751-55176,A-0u7085f0,2104,08/04/2018,02/05/2019,Maynooth
LE-756-96952,OP-247-66913,ACC-790-81914,OR-293-13589,QU-190-41333,Mark-1,IN-512-58920,A-4r4833h7,6504,15/04/2018,1/15/2019,Belfast
LE-648-12904,OP-409-28551,ACC-950-56267,OR-555-98014,QU-065-84690,Print Bed,IN-829-89928,SP-7g2488r5,8436,12/05/2018,2/14/2019,Cork
LE-139-32344,OP-106-05011,ACC-369-70254,OR-171-13200,QU-077-22157,Mark-1,IN-224-85564,A-4r4833h7,7233,29/04/2018,12/10/2018,Galway
LE-187-61679,OP-618-76159,ACC-100-38873,OR-337-20608,QU-977-03830,Mark-10,IN-249-07137,A-0u7085f0,10073,10/07/2018,11/18/2018,Cork
LE-885-97473,OP-097-17058,ACC-276-24733,OR-292-12217,QU-926-25746,Mark-5,IN-886-19397,A-9i3568y3,2486,14/04/2018,12/16/2018,Galway
LE-419-52891,OP-216-69471,ACC-445-50951,OR-701-86178,QU-714-77069,Software and Drivers,IN-031-60911,S-3h9809u2,6193,20/06/2018,8/26/2018,Dublin
LE-328-59845,OP-381-59784,ACC-514-97073,OR-803-74678,QU-589-58557,Mark-1,IN-178-21138,A-4r4833h7,2816,04/06/2018,8/18/2018,Limerick
LE-136-46588,OP-738-35542,ACC-315-50753,OR-788-58992,QU-084-44199,Controller Board,IN-006-45086,SP-6x5102j8,5334,28/07/2018,8/14/2018,Maynooth
LE-160-75923,OP-409-49714,ACC-274-17426,OR-171-14644,QU-711-38543,Jarvis-1 T,IN-955-29037,A-5q8351o1,4810,14/04/2018,2/16/2019,Limerick
LE-200-31274,OP-931-18641,ACC-767-13150,OR-208-59418,QU-771-64232,Mark-5,IN-730-38152,A-9i3568y3,3737,06/03/2018,09/04/2018,Belfast
LE-396-32079,OP-107-54406,ACC-185-58808,OR-604-73221,QU-591-55487,Controller Board,IN-096-31319,SP-6x5102j8,10127,22/06/2018,11/30/2018,Cork
LE-430-65196,OP-576-46828,ACC-973-28829,OR-137-17115,QU-252-50225,Mark-1,IN-116-93524,A-4r4833h7,2353,29/03/2018,11/13/2018,Cork
LE-432-49850,OP-428-52390,ACC-137-09958,OR-539-28659,QU-595-95754,Mark-5,IN-572-11271,A-9i3568y3,3864,28/03/2018,10/12/2018,Galway
LE-526-26758,OP-619-35451,ACC-351-82647,OR-436-06825,QU-587-16998,Belts,IN-051-08433,SP-1j3802q0,6285,23/06/2018,12/19/2018,Cork
LE-145-06665,OP-591-00905,ACC-473-16979,OR-617-87821,QU-470-54855,Jarvis-5 T,IN-417-79178,A-1s3102u0,8208,23/04/2018,11/07/2018,Galway
LE-884-21668,OP-942-22281,ACC-973-54321,OR-251-68292,QU-379-22561,Mark-1,IN-837-76170,A-4r4833h7,9138,21/07/2018,08/07/2018,Galway
LE-311-57575,OP-914-70035,ACC-550-35488,OR-329-97657,QU-172-84754,Controller Board,IN-927-57748,SP-6x5102j8,5226,31/05/2018,9/19/2018,Cork
LE-926-37995,OP-541-91735,ACC-632-14959,OR-178-66717,QU-267-94074,Mark-1,IN-216-95569,A-4r4833h7,7531,28/07/2018,1/27/2019,Maynooth
LE-345-78910,OP-778-97639,ACC-830-58589,OR-611-82604,QU-697-13175,Mark-5,IN-164-60586,A-9i3568y3,9086,04/07/2018,11/08/2018,Cork
LE-998-95043,OP-742-50065,ACC-846-94665,OR-307-94111,QU-032-30089,Jarvis-1 T,IN-105-11834,A-5q8351o1,6445,23/03/2018,02/01/2019,Dublin
LE-549-15901,OP-201-20314,ACC-840-73649,OR-357-99360,QU-957-48767,Jarvis-1 T,IN-484-49251,A-5q8351o1,6067,10/07/2018,9/29/2018,Limerick
LE-366-49769,OP-581-06058,ACC-618-53479,OR-383-98600,QU-493-86372,Filament,IN-046-96704,SP-4o9597q4,3623,31/03/2018,11/18/2018,Maynooth
LE-363-89944,OP-724-76542,ACC-340-50521,OR-080-24548,QU-273-02210,Mark-50,IN-881-22483,A-9o2147a8,8206,10/06/2018,1/27/2019,Dublin
LE-614-93922,OP-925-98194,ACC-055-42045,OR-676-21126,QU-526-72420,Print Bed,IN-768-46616,SP-7g2488r5,9335,07/05/2018,09/03/2018,Maynooth
LE-314-17002,OP-881-10217,ACC-057-19850,OR-187-81442,QU-625-71710,Filament,IN-670-66859,SP-4o9597q4,5828,11/06/2018,09/09/2018,Galway
LE-143-10279,OP-438-99639,ACC-371-02967,OR-810-63769,QU-886-19715,Controller Board,IN-073-02153,SP-6x5102j8,6889,23/06/2018,12/08/2018,Cork
LE-617-00946,OP-549-97449,ACC-461-93986,OR-366-72121,QU-412-47240,Mark-50,IN-322-66699,A-9o2147a8,3039,15/05/2018,10/11/2018,Limerick
LE-285-00164,OP-667-17154,ACC-713-73611,OR-864-92411,QU-616-74478,Belts,IN-969-34242,SP-1j3802q0,1662,28/07/2018,11/02/2018,Belfast
LE-567-58364,OP-055-61550,ACC-090-38105,OR-636-76630,QU-255-74259,Jarvis-5 T,IN-528-91212,A-1s3102u0,5676,15/03/2018,12/10/2018,Maynooth
LE-101-27039,OP-097-49449,ACC-318-30408,OR-320-85135,QU-485-96261,Filament,IN-974-07118,SP-4o9597q4,6388,15/03/2018,02/11/2019,Galway
LE-289-94821,OP-146-67856,ACC-903-38222,OR-971-09408,QU-012-64140,Mark-5,IN-002-04624,A-9i3568y3,3885,05/07/2018,8/13/2018,Maynooth
LE-548-04403,OP-995-55801,ACC-986-59866,OR-027-74436,QU-348-26315,Frame,IN-242-09966,SP-9o2014z5,5587,04/06/2018,08/11/2018,Belfast
LE-366-59554,OP-626-00527,ACC-105-44306,OR-912-03762,QU-891-17685,Mark-1,IN-580-45960,A-4r4833h7,5342,19/07/2018,08/02/2018,Limerick
LE-483-87549,OP-104-83536,ACC-886-16883,OR-960-20707,QU-656-65015,Jarvis-1 T,IN-035-05875,A-5q8351o1,7713,30/03/2018,01/03/2019,Dublin
LE-089-27874,OP-866-90910,ACC-124-20409,OR-197-70587,QU-911-23932,Mark-1,IN-198-78287,A-4r4833h7,8711,06/05/2018,09/11/2018,Limerick
LE-599-84090,OP-436-31287,ACC-311-41066,OR-556-16586,QU-446-66562,Jarvis-5 T,IN-896-39853,A-1s3102u0,7381,27/04/2018,11/27/2018,Cork
LE-058-28594,OP-844-53600,ACC-097-09016,OR-716-79472,QU-172-53292,Frame,IN-961-03996,SP-9o2014z5,7557,28/05/2018,09/08/2018,Belfast
LE-976-08626,OP-561-95067,ACC-512-22008,OR-594-19678,QU-235-97972,Mark-1,IN-635-97146,A-4r4833h7,7707,05/05/2018,10/28/2018,Maynooth
LE-061-58770,OP-602-29620,ACC-514-11808,OR-344-29959,QU-920-07473,Mark-50,IN-307-08903,A-9o2147a8,6949,17/04/2018,8/15/2018,Galway
LE-640-13969,OP-446-10663,ACC-878-23176,OR-680-99030,QU-297-24922,Jarvis-5 T,IN-308-33492,A-1s3102u0,9884,04/03/2018,10/10/2018,Belfast
LE-608-85363,OP-158-11546,ACC-200-25155,OR-269-95321,QU-886-43630,Jarvis-1 T,IN-772-63271,A-5q8351o1,8249,15/03/2018,2/25/2019,Dublin
LE-896-90441,OP-761-15886,ACC-463-44558,OR-538-75836,QU-115-72642,Mark-5,IN-106-59488,A-9i3568y3,4109,28/05/2018,08/07/2018,Belfast
LE-473-56229,OP-768-11760,ACC-648-93301,OR-934-75060,QU-602-81115,Jarvis-1 T,IN-353-40578,A-5q8351o1,6969,28/07/2018,1/25/2019,Belfast
LE-863-74870,OP-012-87086,ACC-806-53067,OR-250-05136,QU-656-05058,Jarvis-5 T,IN-888-04544,A-1s3102u0,4567,23/06/2018,8/22/2018,Galway
LE-074-46345,OP-715-00204,ACC-006-01388,OR-499-38920,QU-548-44284,Mark-50,IN-309-71877,A-9o2147a8,2935,20/07/2018,1/21/2019,Dublin
LE-963-81649,OP-273-54426,ACC-865-36592,OR-870-03715,QU-050-14422,Mark-1,IN-904-98198,A-4r4833h7,7837,07/05/2018,11/17/2018,Galway
LE-792-36933,OP-956-20662,ACC-865-82845,OR-540-65780,QU-594-88877,Frame,IN-615-85748,SP-9o2014z5,5408,08/06/2018,8/18/2018,Belfast
LE-809-48316,OP-172-06546,ACC-803-29110,OR-929-71378,QU-862-27900,Jarvis-1 T,IN-456-75260,A-5q8351o1,5399,17/06/2018,10/18/2018,Cork
LE-181-33510,OP-168-56574,ACC-056-99417,OR-009-06448,QU-644-34370,Jarvis-1 T,IN-251-34449,A-5q8351o1,7746,11/07/2018,12/01/2018,Galway
LE-780-98810,OP-278-21979,ACC-907-46658,OR-031-22311,QU-155-48107,Mark-10,IN-718-39376,A-0u7085f0,1658,12/07/2018,11/14/2018,Cork
LE-941-30818,OP-795-30200,ACC-079-90008,OR-790-64925,QU-771-28129,Mark-5,IN-972-87334,A-9i3568y3,6519,09/07/2018,08/10/2018,Maynooth
LE-819-70638,OP-896-11272,ACC-358-40569,OR-424-28891,QU-814-56123,Mark-5,IN-664-91675,A-9i3568y3,7705,04/06/2018,9/28/2018,Limerick
LE-278-47881,OP-499-13436,ACC-387-16138,OR-883-03093,QU-861-53127,Belts,IN-224-92886,SP-1j3802q0,6221,19/03/2018,11/17/2018,Belfast
LE-941-61428,OP-418-81501,ACC-282-64069,OR-745-50544,QU-058-23805,Mark-1,IN-909-89377,A-4r4833h7,4208,24/07/2018,2/20/2019,Limerick
LE-355-91657,OP-652-22268,ACC-870-95215,OR-699-34624,QU-785-26552,Software and Drivers,IN-837-94235,S-3h9809u2,3057,25/04/2018,09/11/2018,Dublin
LE-906-58628,OP-863-28334,ACC-456-27451,OR-259-13726,QU-351-83945,Controller Board,IN-294-02891,SP-6x5102j8,9893,07/05/2018,10/04/2018,Limerick
LE-177-11084,OP-349-99881,ACC-199-25416,OR-095-35268,QU-551-54385,Software and Drivers,IN-813-58449,S-3h9809u2,8444,04/03/2018,12/12/2018,Cork
LE-310-39630,OP-626-77945,ACC-378-65806,OR-870-88951,QU-175-33878,Mark-50,IN-023-43745,A-9o2147a8,2472,07/06/2018,01/12/2019,Dublin
LE-460-77872,OP-288-69993,ACC-300-05138,OR-563-12697,QU-371-64467,Print Bed,IN-660-35013,SP-7g2488r5,8798,11/04/2018,10/09/2018,Limerick
LE-284-38456,OP-750-45426,ACC-794-33055,OR-944-81162,QU-466-58140,Print Bed,IN-232-91207,SP-7g2488r5,3986,07/03/2018,10/10/2018,Cork
LE-755-68328,OP-800-27286,ACC-908-76391,OR-137-78582,QU-642-21267,Frame,IN-138-20746,SP-9o2014z5,6306,08/07/2018,8/13/2018,Maynooth
LE-611-44213,OP-688-12871,ACC-620-85349,OR-892-39105,QU-152-30781,Software and Drivers,IN-755-52783,S-3h9809u2,2619,09/03/2018,02/09/2019,Limerick
LE-970-04614,OP-356-87928,ACC-711-14320,OR-167-46603,QU-364-63269,Mark-1,IN-486-66436,A-4r4833h7,8505,22/06/2018,8/17/2018,Limerick
LE-646-66505,OP-192-92511,ACC-875-57263,OR-400-51810,QU-058-67506,Belts,IN-669-60799,SP-1j3802q0,3539,09/07/2018,8/28/2018,Dublin
LE-064-19703,OP-139-65491,ACC-818-45346,OR-934-37974,QU-312-59434,Software and Drivers,IN-099-63251,S-3h9809u2,3526,03/06/2018,01/08/2019,Cork
LE-067-54569,OP-684-04571,ACC-560-88067,OR-215-08053,QU-270-17650,Belts,IN-605-15941,SP-1j3802q0,5251,05/06/2018,11/16/2018,Limerick
LE-446-63546,OP-481-16694,ACC-501-68918,OR-846-10712,QU-073-53852,Mark-10,IN-021-12973,A-0u7085f0,2352,30/03/2018,12/05/2018,Maynooth
LE-808-91467,OP-783-90146,ACC-629-73656,OR-325-09245,QU-201-47083,Belts,IN-227-54310,SP-1j3802q0,6011,13/06/2018,11/02/2018,Belfast
LE-518-02465,OP-700-47650,ACC-190-71430,OR-135-90516,QU-180-45709,Filament,IN-433-76540,SP-4o9597q4,7148,27/07/2018,2/27/2019,Cork
LE-431-14401,OP-127-64366,ACC-101-50225,OR-000-95645,QU-748-91852,Jarvis-5 T,IN-420-15469,A-1s3102u0,1067,07/06/2018,01/06/2019,Galway
LE-648-36457,OP-819-91521,ACC-772-30656,OR-239-39647,QU-113-59704,Jarvis-1 T,IN-573-79080,A-5q8351o1,7569,04/07/2018,08/08/2018,Limerick
LE-659-05775,OP-225-59725,ACC-043-80632,OR-307-45999,QU-635-80962,Mark-50,IN-347-82046,A-9o2147a8,9008,04/06/2018,1/18/2019,Maynooth
LE-312-79291,OP-248-37812,ACC-223-41451,OR-849-57787,QU-312-77429,Belts,IN-559-36014,SP-1j3802q0,5588,25/05/2018,08/07/2018,Limerick
LE-900-72216,OP-055-62710,ACC-221-32375,OR-672-75400,QU-108-26015,Mark-50,IN-776-86492,A-9o2147a8,5789,17/03/2018,10/30/2018,Maynooth
LE-935-61228,OP-394-92035,ACC-028-65111,OR-682-83364,QU-237-30234,Mark-1,IN-665-27044,A-4r4833h7,8670,05/05/2018,12/29/2018,Limerick
LE-050-54784,OP-884-82089,ACC-979-71957,OR-379-61309,QU-631-01081,Software and Drivers,IN-660-11913,S-3h9809u2,7017,14/06/2018,12/02/2018,Maynooth
LE-204-81005,OP-371-07697,ACC-471-88313,OR-707-14787,QU-867-12406,Frame,IN-118-80077,SP-9o2014z5,6111,18/05/2018,1/23/2019,Maynooth
LE-677-35513,OP-192-02720,ACC-931-50572,OR-251-70143,QU-167-08724,Mark-1,IN-458-74054,A-4r4833h7,6428,03/03/2018,1/23/2019,Dublin
LE-039-18034,OP-461-31379,ACC-285-26604,OR-844-39211,QU-231-23091,Mark-10,IN-694-30843,A-0u7085f0,6976,10/05/2018,10/30/2018,Belfast
LE-573-62156,OP-517-64735,ACC-565-79199,OR-332-26208,QU-030-13224,Mark-10,IN-808-17595,A-0u7085f0,6073,09/05/2018,9/28/2018,Dublin
LE-400-00938,OP-926-70313,ACC-780-18612,OR-022-29877,QU-084-39580,Mark-50,IN-154-85950,A-9o2147a8,3797,13/05/2018,2/24/2019,Belfast
LE-687-31261,OP-450-92581,ACC-593-48988,OR-421-88331,QU-801-05289,Mark-50,IN-065-47608,A-9o2147a8,3976,15/04/2018,01/07/2019,Galway
LE-321-93618,OP-589-44070,ACC-925-05367,OR-579-53628,QU-274-69984,Controller Board,IN-542-59171,SP-6x5102j8,10121,18/05/2018,01/07/2019,Cork
LE-880-18083,OP-550-10237,ACC-979-86974,OR-634-99877,QU-660-61215,Mark-50,IN-333-19640,A-9o2147a8,8977,14/06/2018,12/06/2018,Limerick
LE-689-81895,OP-067-99520,ACC-389-24576,OR-619-65445,QU-383-61122,Mark-5,IN-295-35296,A-9i3568y3,7897,05/04/2018,01/04/2019,Maynooth
LE-211-64624,OP-712-45727,ACC-430-77010,OR-919-63744,QU-292-88342,Print Bed,IN-299-74479,SP-7g2488r5,2617,25/06/2018,8/25/2018,Dublin
LE-131-43701,OP-150-17704,ACC-555-02564,OR-030-72671,QU-898-38638,Frame,IN-247-84369,SP-9o2014z5,7034,13/03/2018,9/27/2018,Dublin
LE-060-66697,OP-345-85087,ACC-832-39705,OR-048-97466,QU-459-16637,Controller Board,IN-652-45292,SP-6x5102j8,3523,04/06/2018,11/07/2018,Limerick
LE-201-79039,OP-375-38894,ACC-323-62258,OR-352-56235,QU-875-58942,Filament,IN-841-05965,SP-4o9597q4,8236,22/06/2018,11/08/2018,Dublin
LE-980-15347,OP-432-40082,ACC-351-38134,OR-465-62012,QU-834-79512,Mark-1,IN-657-19564,A-4r4833h7,5352,13/04/2018,11/18/2018,Dublin
LE-138-34900,OP-214-31962,ACC-240-91678,OR-617-27389,QU-793-59159,Controller Board,IN-115-64286,SP-6x5102j8,7938,20/05/2018,12/23/2018,Cork
LE-585-12441,OP-449-39933,ACC-610-65893,OR-897-29630,QU-240-21229,Jarvis-5 T,IN-587-54679,A-1s3102u0,3380,07/03/2018,11/14/2018,Belfast
LE-069-34790,OP-574-09697,ACC-360-78486,OR-679-03476,QU-775-01688,Mark-5,IN-548-99144,A-9i3568y3,7772,25/04/2018,10/10/2018,Galway
LE-763-87960,OP-220-26104,ACC-964-84695,OR-061-76222,QU-218-67462,Mark-50,IN-623-61838,A-9o2147a8,4327,30/06/2018,2/26/2019,Galway
LE-708-29906,OP-091-85760,ACC-239-62723,OR-063-96443,QU-812-11590,Mark-5,IN-888-35397,A-9i3568y3,7011,30/04/2018,10/06/2018,Galway
LE-290-07273,OP-974-80190,ACC-959-35555,OR-333-94234,QU-084-89756,Mark-50,IN-673-90073,A-9o2147a8,4627,18/05/2018,12/14/2018,Belfast
LE-330-15223,OP-312-45262,ACC-075-98861,OR-770-76451,QU-971-17601,Filament,IN-039-90631,SP-4o9597q4,2130,07/05/2018,02/01/2019,Maynooth
LE-848-58063,OP-202-87377,ACC-770-27056,OR-848-80459,QU-985-42039,Frame,IN-356-97467,SP-9o2014z5,5065,18/05/2018,8/27/2018,Belfast
LE-191-01537,OP-006-06456,ACC-280-98549,OR-705-48444,QU-675-17154,Mark-10,IN-268-23765,A-0u7085f0,3721,22/05/2018,10/08/2018,Belfast
LE-009-21016,OP-738-57701,ACC-040-51633,OR-015-52550,QU-907-86417,Filament,IN-636-73220,SP-4o9597q4,3057,01/06/2018,2/13/2019,Maynooth
LE-790-50714,OP-862-57531,ACC-125-94939,OR-633-68031,QU-161-54705,Mark-10,IN-630-44570,A-0u7085f0,3151,25/05/2018,12/25/2018,Dublin
LE-041-06577,OP-800-08222,ACC-543-19968,OR-450-26214,QU-361-46220,Mark-1,IN-048-69532,A-4r4833h7,4606,12/06/2018,2/19/2019,Cork
LE-050-91185,OP-936-56323,ACC-836-41782,OR-644-95666,QU-975-03144,Mark-1,IN-830-52470,A-4r4833h7,5521,05/04/2018,11/19/2018,Maynooth
LE-272-35866,OP-067-75990,ACC-824-06227,OR-180-53565,QU-588-23011,Mark-10,IN-742-10682,A-0u7085f0,9270,08/03/2018,2/26/2019,Galway
LE-365-72909,OP-617-67274,ACC-481-64215,OR-455-71916,QU-897-05484,Frame,IN-162-22279,SP-9o2014z5,8018,10/05/2018,01/09/2019,Cork
LE-332-50205,OP-897-16381,ACC-441-25842,OR-705-62551,QU-084-95682,Frame,IN-963-41211,SP-9o2014z5,9165,03/04/2018,9/20/2018,Cork
LE-508-91209,OP-855-76542,ACC-740-21087,OR-942-27966,QU-258-65177,Jarvis-5 T,IN-253-63806,A-1s3102u0,5642,20/05/2018,01/12/2019,Galway
LE-177-00788,OP-025-35010,ACC-298-95061,OR-643-75710,QU-719-17332,Software and Drivers,IN-505-06564,S-3h9809u2,7865,09/05/2018,02/07/2019,Dublin
LE-676-55062,OP-312-95388,ACC-283-34848,OR-518-63693,QU-559-91161,Frame,IN-031-91740,SP-9o2014z5,7830,16/05/2018,8/31/2018,Maynooth
LE-495-23061,OP-177-46357,ACC-212-18087,OR-096-17972,QU-182-49074,Software and Drivers,IN-183-02322,S-3h9809u2,7400,27/07/2018,11/12/2018,Cork
LE-065-55585,OP-216-15004,ACC-820-40064,OR-695-66673,QU-423-13809,Controller Board,IN-466-12441,SP-6x5102j8,2458,30/03/2018,12/31/2018,Maynooth
LE-858-07849,OP-426-92501,ACC-176-81296,OR-114-49396,QU-674-90457,Jarvis-1 T,IN-228-37683,A-5q8351o1,8250,14/03/2018,10/29/2018,Belfast
LE-893-18197,OP-177-74668,ACC-397-91664,OR-109-15957,QU-019-61694,Mark-1,IN-701-84368,A-4r4833h7,8734,29/05/2018,10/16/2018,Limerick
LE-345-35068,OP-958-42527,ACC-026-71266,OR-504-06374,QU-839-02937,Belts,IN-027-40336,SP-1j3802q0,2658,06/05/2018,10/26/2018,Dublin
LE-182-89898,OP-977-54021,ACC-905-99609,OR-533-68123,QU-660-11627,Print Bed,IN-017-78199,SP-7g2488r5,6774,06/03/2018,1/18/2019,Cork
LE-200-77370,OP-501-42470,ACC-781-98008,OR-291-05220,QU-077-35931,Software and Drivers,IN-004-19441,S-3h9809u2,4595,23/06/2018,1/27/2019,Maynooth
LE-847-16938,OP-084-55445,ACC-443-15933,OR-945-88216,QU-624-32493,Controller Board,IN-779-39415,SP-6x5102j8,10122,15/06/2018,02/11/2019,Maynooth
LE-111-39239,OP-164-56926,ACC-464-82159,OR-911-86836,QU-763-13046,Belts,IN-071-77178,SP-1j3802q0,9144,20/05/2018,12/28/2018,Cork
LE-128-79912,OP-803-63612,ACC-530-66814,OR-815-27406,QU-104-13794,Frame,IN-247-62785,SP-9o2014z5,7909,04/05/2018,12/17/2018,Limerick
LE-795-21311,OP-709-84314,ACC-748-54027,OR-090-60266,QU-496-58164,Jarvis-5 T,IN-440-71154,A-1s3102u0,4420,20/07/2018,8/26/2018,Cork
LE-210-05102,OP-138-42455,ACC-270-11660,OR-568-94292,QU-234-68056,Mark-50,IN-368-85494,A-9o2147a8,7799,29/04/2018,1/16/2019,Galway
LE-075-20681,OP-309-10050,ACC-755-02813,OR-728-64430,QU-670-22409,Controller Board,IN-124-00174,SP-6x5102j8,4603,16/07/2018,02/07/2019,Galway
LE-943-24847,OP-630-21908,ACC-094-98885,OR-882-79119,QU-448-21924,Frame,IN-833-93250,SP-9o2014z5,6063,13/03/2018,02/02/2019,Maynooth
LE-526-32000,OP-833-93651,ACC-928-76501,OR-597-69369,QU-219-77908,Mark-1,IN-566-59308,A-4r4833h7,6518,29/04/2018,12/01/2018,Dublin
LE-229-39215,OP-514-86762,ACC-358-75649,OR-725-84772,QU-406-29583,Mark-5,IN-893-33136,A-9i3568y3,7319,14/05/2018,8/30/2018,Galway
LE-137-80460,OP-898-59734,ACC-347-64692,OR-934-08582,QU-789-03932,Belts,IN-600-76212,SP-1j3802q0,7792,05/03/2018,8/28/2018,Cork
LE-730-04445,OP-767-88762,ACC-549-25647,OR-850-15027,QU-541-95290,Print Bed,IN-095-66227,SP-7g2488r5,4896,02/05/2018,11/02/2018,Galway
LE-100-86782,OP-539-40976,ACC-666-25949,OR-170-49836,QU-391-20919,Controller Board,IN-805-08231,SP-6x5102j8,2707,18/03/2018,11/17/2018,Maynooth
LE-927-94629,OP-011-72824,ACC-677-62733,OR-284-23767,QU-586-51843,Filament,IN-052-10866,SP-4o9597q4,6889,03/04/2018,10/05/2018,Maynooth
LE-832-31455,OP-771-38205,ACC-858-13315,OR-250-90327,QU-023-10495,Print Bed,IN-081-61263,SP-7g2488r5,5164,28/07/2018,12/21/2018,Galway
LE-757-21176,OP-576-65834,ACC-478-85133,OR-359-72159,QU-584-47027,Mark-10,IN-577-79422,A-0u7085f0,8685,19/03/2018,10/10/2018,Maynooth
LE-727-03422,OP-605-95789,ACC-804-31786,OR-061-98437,QU-118-71447,Jarvis-1 T,IN-930-75933,A-5q8351o1,4000,07/04/2018,1/15/2019,Belfast
LE-800-80197,OP-838-97379,ACC-667-08805,OR-539-88080,QU-244-68516,Mark-1,IN-935-08986,A-4r4833h7,7698,04/06/2018,11/17/2018,Galway
LE-058-16677,OP-024-35579,ACC-272-12152,OR-245-01527,QU-752-23944,Mark-50,IN-080-51440,A-9o2147a8,5947,04/06/2018,12/08/2018,Belfast
LE-341-96020,OP-272-89077,ACC-216-08215,OR-041-55177,QU-570-72387,Software and Drivers,IN-122-27522,S-3h9809u2,1156,24/05/2018,08/04/2018,Limerick
LE-052-64941,OP-097-91109,ACC-836-27259,OR-412-12627,QU-721-66022,Filament,IN-005-24959,SP-4o9597q4,4307,01/05/2018,10/04/2018,Galway
LE-750-40982,OP-705-72934,ACC-342-79647,OR-899-89386,QU-347-82574,Filament,IN-514-24034,SP-4o9597q4,7413,10/05/2018,11/08/2018,Belfast
LE-809-15855,OP-098-71661,ACC-392-28814,OR-714-70943,QU-914-55012,Jarvis-5 T,IN-391-66103,A-1s3102u0,8059,27/05/2018,8/18/2018,Cork
LE-248-59157,OP-313-06496,ACC-918-04393,OR-890-31925,QU-366-91235,Mark-10,IN-044-12813,A-0u7085f0,4367,13/07/2018,8/18/2018,Cork
LE-942-92604,OP-868-36115,ACC-267-85737,OR-522-83207,QU-809-45565,Mark-50,IN-492-72239,A-9o2147a8,7137,15/07/2018,9/20/2018,Maynooth
LE-231-21622,OP-367-67625,ACC-131-21581,OR-505-82858,QU-418-34088,Mark-5,IN-522-91599,A-9i3568y3,2774,13/05/2018,9/28/2018,Maynooth
LE-231-38187,OP-382-96338,ACC-957-82116,OR-690-37568,QU-350-29757,Jarvis-1 T,IN-006-15703,A-5q8351o1,5318,13/03/2018,9/27/2018,Cork
LE-744-05618,OP-699-52386,ACC-838-79877,OR-546-78482,QU-046-61484,Jarvis-1 T,IN-319-94426,A-5q8351o1,6665,25/04/2018,8/30/2018,Belfast
LE-886-95510,OP-064-65567,ACC-094-70638,OR-373-99423,QU-094-37068,Controller Board,IN-839-80809,SP-6x5102j8,3933,11/05/2018,01/06/2019,Dublin
LE-879-19590,OP-404-07921,ACC-413-85078,OR-319-99250,QU-807-93954,Belts,IN-600-51153,SP-1j3802q0,5895,07/05/2018,2/22/2019,Maynooth
LE-805-83231,OP-337-08800,ACC-802-27434,OR-823-57125,QU-041-54829,Print Bed,IN-313-26011,SP-7g2488r5,7007,06/06/2018,10/15/2018,Limerick
LE-671-69053,OP-725-24334,ACC-455-11172,OR-137-41629,QU-334-55525,Mark-1,IN-037-89515,A-4r4833h7,9509,30/05/2018,2/20/2019,Dublin
LE-816-70511,OP-552-80903,ACC-853-22156,OR-458-09140,QU-797-69194,Controller Board,IN-129-33384,SP-6x5102j8,6298,01/07/2018,11/11/2018,Limerick
LE-891-06876,OP-534-44600,ACC-917-82852,OR-739-94874,QU-451-50492,Belts,IN-814-48560,SP-1j3802q0,7008,23/04/2018,12/07/2018,Dublin
LE-817-06235,OP-679-65896,ACC-552-57546,OR-458-57171,QU-805-81788,Filament,IN-918-34674,SP-4o9597q4,3635,16/07/2018,12/01/2018,Belfast
LE-517-69631,OP-422-42652,ACC-551-71829,OR-428-63751,QU-207-07143,Controller Board,IN-415-33109,SP-6x5102j8,2320,25/04/2018,9/14/2018,Galway
LE-903-12531,OP-490-16655,ACC-885-31902,OR-356-58577,QU-502-91808,Mark-10,IN-229-37471,A-0u7085f0,6351,12/03/2018,11/17/2018,Dublin
LE-055-43651,OP-613-66439,ACC-962-97410,OR-455-49667,QU-986-15225,Belts,IN-488-69363,SP-1j3802q0,1790,16/04/2018,1/15/2019,Cork
LE-002-41047,OP-041-75948,ACC-589-13461,OR-006-43913,QU-269-66669,Jarvis-5 T,IN-164-00773,A-1s3102u0,8629,17/07/2018,12/18/2018,Dublin
LE-396-62766,OP-465-65750,ACC-793-25702,OR-659-90144,QU-027-71194,Frame,IN-383-82441,SP-9o2014z5,7061,03/03/2018,01/11/2019,Cork
LE-717-32037,OP-172-56077,ACC-935-75376,OR-083-00373,QU-332-96823,Filament,IN-971-65717,SP-4o9597q4,3759,06/04/2018,12/26/2018,Cork
LE-849-74231,OP-838-38212,ACC-225-49342,OR-718-34371,QU-077-10296,Frame,IN-526-55063,SP-9o2014z5,3958,21/07/2018,12/03/2018,Cork
LE-423-72619,OP-634-66426,ACC-173-19170,OR-719-43710,QU-652-77911,Mark-1,IN-106-42032,A-4r4833h7,6449,30/03/2018,2/13/2019,Cork
LE-771-78120,OP-887-33042,ACC-336-27616,OR-244-37441,QU-248-66419,Mark-50,IN-360-54016,A-9o2147a8,8783,21/04/2018,10/07/2018,Limerick
LE-482-09441,OP-397-44083,ACC-378-03561,OR-262-28560,QU-845-88662,Controller Board,IN-470-67304,SP-6x5102j8,7108,15/04/2018,02/09/2019,Galway
LE-738-14030,OP-586-66143,ACC-447-48209,OR-843-16294,QU-115-17397,Mark-10,IN-903-45747,A-0u7085f0,3806,13/03/2018,11/23/2018,Cork
LE-740-49425,OP-662-57112,ACC-931-28767,OR-643-42889,QU-051-12639,Filament,IN-871-61378,SP-4o9597q4,9164,06/05/2018,01/04/2019,Galway
LE-410-85475,OP-313-24408,ACC-051-66256,OR-426-86067,QU-415-27283,Mark-5,IN-210-99460,A-9i3568y3,7375,22/04/2018,10/05/2018,Limerick
LE-417-71904,OP-523-52044,ACC-205-20032,OR-016-07308,QU-743-40011,Mark-5,IN-625-53732,A-9i3568y3,5234,29/04/2018,1/22/2019,Galway
LE-892-30940,OP-295-78976,ACC-404-00142,OR-064-09553,QU-369-26426,Print Bed,IN-090-14569,SP-7g2488r5,2901,10/05/2018,10/01/2018,Belfast
LE-106-33428,OP-458-42879,ACC-221-71592,OR-453-53549,QU-486-03559,Jarvis-5 T,IN-179-91573,A-1s3102u0,7204,21/06/2018,9/28/2018,Maynooth
LE-061-43889,OP-235-09585,ACC-134-45713,OR-072-63919,QU-889-26619,Mark-10,IN-024-50688,A-0u7085f0,10570,19/06/2018,2/14/2019,Maynooth
LE-231-03741,OP-836-16944,ACC-742-40104,OR-451-10487,QU-513-88834,Mark-1,IN-012-97689,A-4r4833h7,5377,19/06/2018,2/13/2019,Galway
LE-991-84235,OP-260-53656,ACC-898-24703,OR-071-58734,QU-848-41928,Frame,IN-918-16323,SP-9o2014z5,4879,07/03/2018,11/25/2018,Maynooth
LE-677-70145,OP-293-95889,ACC-088-73756,OR-646-03195,QU-942-36114,Jarvis-1 T,IN-454-23800,A-5q8351o1,3735,18/03/2018,2/21/2019,Belfast
LE-770-02050,OP-656-70412,ACC-371-05688,OR-537-97404,QU-777-89573,Mark-50,IN-804-57561,A-9o2147a8,3419,11/07/2018,12/11/2018,Limerick
LE-487-00618,OP-815-94854,ACC-453-40492,OR-484-76692,QU-379-45062,Frame,IN-571-50842,SP-9o2014z5,5765,05/07/2018,10/28/2018,Cork
LE-831-13084,OP-801-91297,ACC-792-30274,OR-850-13218,QU-856-58479,Frame,IN-741-02382,SP-9o2014z5,3679,20/03/2018,08/06/2018,Limerick
LE-569-96218,OP-465-48379,ACC-827-68785,OR-553-68022,QU-113-26707,Mark-10,IN-728-28922,A-0u7085f0,7551,01/06/2018,12/27/2018,Maynooth
LE-000-49444,OP-264-70974,ACC-960-05581,OR-306-45250,QU-741-70017,Jarvis-5 T,IN-070-08424,A-1s3102u0,4365,01/06/2018,12/14/2018,Dublin
LE-565-13499,OP-455-16982,ACC-256-26661,OR-223-39115,QU-262-23730,Filament,IN-354-15631,SP-4o9597q4,8971,30/04/2018,10/27/2018,Limerick
LE-038-42520,OP-466-47299,ACC-526-38960,OR-716-27856,QU-059-65861,Filament,IN-387-08208,SP-4o9597q4,5664,25/04/2018,09/05/2018,Maynooth
LE-416-68209,OP-255-09570,ACC-712-93268,OR-040-05695,QU-468-76961,Controller Board,IN-041-00394,SP-6x5102j8,3498,23/07/2018,1/17/2019,Galway