Lead_ID,Opp_ID,Account_ID,Order_ID,Quote_ID,Invoice_ID,Product Name,Product_ID,Actual Revenue,Created On,Close Date,City,Product Category
LE-531-09903,OP-690-56387,ACC-318-79881,OR-804-96629,QU-622-36833,IN-964-38936,Mark-1,A-4r4833h7,5809,05/22/2017,11/14/2017,Limerick,Assembled
LE-452-27589,OP-925-72989,ACC-729-20501,OR-157-35749,QU-104-88582,IN-968-65051,Mark-1,A-4r4833h7,5952,05/27/2017,12/06/2017,Belfast,Assembled
LE-340-71737,OP-419-90171,ACC-837-08201,OR-029-43213,QU-232-40399,IN-145-16832,Mark-1,A-4r4833h7,4935,04/05/2017,10/04/2017,Galway,Assembled
LE-184-60823,OP-171-53545,ACC-369-77973,OR-002-04651,QU-354-05621,IN-613-38836,Mark-1,A-4r4833h7,5985,07/29/2017,02/19/2018,Dublin,Assembled
LE-791-15984,OP-726-85494,ACC-637-44337,OR-350-61534,QU-054-85533,IN-892-91871,Mark-1,A-4r4833h7,4434,03/17/2017,11/17/2017,Galway,Assembled
LE-942-45831,OP-376-52470,ACC-871-50978,OR-337-55529,QU-796-56810,IN-579-17636,Mark-1,A-4r4833h7,6762,07/16/2017,01/24/2018,Maynooth,Assembled
LE-774-20582,OP-909-42448,ACC-636-78381,OR-904-92155,QU-856-17603,IN-291-02036,Mark-1,A-4r4833h7,8696,05/14/2017,11/08/2017,Limerick,Assembled
LE-636-40511,OP-341-28355,ACC-392-52451,OR-163-33736,QU-827-32278,IN-799-52252,Mark-1,A-4r4833h7,8451,06/22/2017,11/23/2017,Limerick,Assembled
LE-611-37778,OP-405-26114,ACC-402-08138,OR-134-84620,QU-681-94316,IN-649-81287,Mark-1,A-4r4833h7,1381,05/05/2017,12/06/2017,Maynooth,Assembled
LE-385-28694,OP-687-70767,ACC-290-31865,OR-638-07598,QU-523-85764,IN-928-00333,Mark-1,A-4r4833h7,8617,07/28/2017,10/15/2017,Belfast,Assembled
LE-104-71028,OP-192-49752,ACC-524-99488,OR-270-20449,QU-604-12391,IN-780-13414,Mark-1,A-4r4833h7,10523,07/30/2017,01/10/2018,Galway,Assembled
LE-490-02525,OP-370-23410,ACC-108-92243,OR-453-88517,QU-008-70627,IN-995-06775,Mark-1,A-4r4833h7,6709,07/22/2017,11/18/2017,Dublin,Assembled
LE-924-52313,OP-273-96912,ACC-096-17599,OR-759-75460,QU-266-49165,IN-038-44886,Mark-1,A-4r4833h7,9021,05/23/2017,02/27/2018,Dublin,Assembled
LE-031-37559,OP-859-57821,ACC-454-22651,OR-029-20996,QU-415-45389,IN-444-73628,Mark-1,A-4r4833h7,6944,07/11/2017,11/12/2017,Cork,Assembled
LE-736-87322,OP-983-55667,ACC-039-02610,OR-140-06450,QU-924-18601,IN-693-78340,Mark-1,A-4r4833h7,4139,05/06/2017,02/10/2018,Belfast,Assembled
LE-480-99085,OP-262-53543,ACC-304-43230,OR-988-88738,QU-272-78591,IN-092-62822,Mark-1,A-4r4833h7,7950,07/15/2017,01/06/2018,Galway,Assembled
LE-460-48800,OP-057-35214,ACC-913-44884,OR-888-03921,QU-386-21847,IN-150-93323,Mark-1,A-4r4833h7,7310,05/26/2017,02/27/2018,Galway,Assembled
LE-814-29930,OP-117-67149,ACC-427-95152,OR-466-10848,QU-470-38631,IN-260-68497,Mark-1,A-4r4833h7,2451,06/28/2017,11/20/2017,Cork,Assembled
LE-264-91681,OP-142-15282,ACC-223-67812,OR-103-82751,QU-471-77725,IN-512-58920,Mark-1,A-4r4833h7,6504,05/11/2017,11/16/2017,Belfast,Assembled
LE-634-31757,OP-123-14906,ACC-180-19099,OR-893-18940,QU-744-19931,IN-224-85564,Mark-1,A-4r4833h7,7233,06/07/2017,12/08/2017,Cork,Assembled
LE-000-88881,OP-741-53613,ACC-860-27470,OR-578-76478,QU-355-24245,IN-178-21138,Mark-1,A-4r4833h7,2816,06/11/2017,12/13/2017,Limerick,Assembled
LE-137-69306,OP-392-46345,ACC-227-72535,OR-424-95786,QU-624-29783,IN-116-93524,Mark-1,A-4r4833h7,2353,06/17/2017,02/09/2018,Maynooth,Assembled
LE-006-92091,OP-945-44597,ACC-169-09722,OR-642-71303,QU-955-87883,IN-837-76170,Mark-1,A-4r4833h7,9138,05/03/2017,10/22/2017,Limerick,Assembled
LE-640-65528,OP-338-93140,ACC-911-86486,OR-512-28651,QU-822-44524,IN-216-95569,Mark-1,A-4r4833h7,7531,06/16/2017,11/05/2017,Cork,Assembled
LE-218-98604,OP-033-41011,ACC-490-19566,OR-963-04693,QU-075-21477,IN-580-45960,Mark-1,A-4r4833h7,5342,07/09/2017,10/14/2017,Cork,Assembled
LE-001-15679,OP-061-74349,ACC-719-76312,OR-804-93219,QU-491-76200,IN-198-78287,Mark-1,A-4r4833h7,8711,04/21/2017,02/05/2018,Belfast,Assembled
LE-129-76538,OP-872-16861,ACC-747-21964,OR-363-61347,QU-473-63192,IN-635-97146,Mark-1,A-4r4833h7,7707,07/09/2017,12/01/2017,Belfast,Assembled
LE-592-78011,OP-341-78294,ACC-712-66274,OR-120-96901,QU-974-35345,IN-904-98198,Mark-1,A-4r4833h7,7837,06/15/2017,10/14/2017,Dublin,Assembled
LE-081-89459,OP-585-84933,ACC-468-11098,OR-469-93488,QU-608-19032,IN-909-89377,Mark-1,A-4r4833h7,4208,05/21/2017,10/30/2017,Dublin,Assembled
LE-326-89536,OP-330-00941,ACC-842-17479,OR-164-97502,QU-237-27799,IN-486-66436,Mark-1,A-4r4833h7,8505,03/06/2017,12/18/2017,Maynooth,Assembled
LE-101-19610,OP-080-27507,ACC-103-46574,OR-618-03479,QU-066-64191,IN-665-27044,Mark-1,A-4r4833h7,8670,03/14/2017,10/31/2017,Galway,Assembled
LE-351-85302,OP-539-77919,ACC-003-58915,OR-221-08893,QU-906-78432,IN-458-74054,Mark-1,A-4r4833h7,6428,03/27/2017,11/16/2017,Limerick,Assembled
LE-005-63207,OP-021-33586,ACC-556-72268,OR-908-13742,QU-608-49958,IN-657-19564,Mark-1,A-4r4833h7,5352,05/29/2017,11/01/2017,Galway,Assembled
LE-910-49316,OP-324-27142,ACC-494-36537,OR-648-96779,QU-164-08121,IN-048-69532,Mark-1,A-4r4833h7,4606,07/21/2017,11/11/2017,Belfast,Assembled
LE-776-30741,OP-629-87731,ACC-786-42799,OR-798-52910,QU-756-86793,IN-830-52470,Mark-1,A-4r4833h7,5521,06/25/2017,11/20/2017,Cork,Assembled
LE-336-96540,OP-754-13509,ACC-400-25558,OR-492-92398,QU-073-33874,IN-701-84368,Mark-1,A-4r4833h7,8734,07/05/2017,11/29/2017,Maynooth,Assembled
LE-928-00727,OP-383-43268,ACC-244-90941,OR-920-33887,QU-488-06187,IN-566-59308,Mark-1,A-4r4833h7,6518,03/22/2017,11/06/2017,Galway,Assembled
LE-123-29710,OP-989-64079,ACC-216-12969,OR-888-71514,QU-713-81768,IN-935-08986,Mark-1,A-4r4833h7,7698,07/11/2017,01/29/2018,Galway,Assembled
LE-951-79137,OP-938-49269,ACC-907-44462,OR-608-68854,QU-252-62421,IN-037-89515,Mark-1,A-4r4833h7,9509,05/24/2017,12/24/2017,Galway,Assembled
LE-414-69770,OP-702-20777,ACC-761-18782,OR-160-89047,QU-040-49346,IN-106-42032,Mark-1,A-4r4833h7,6449,06/06/2017,11/16/2017,Limerick,Assembled
LE-366-64634,OP-497-30543,ACC-594-53223,OR-907-44552,QU-862-94795,IN-012-97689,Mark-1,A-4r4833h7,5377,05/09/2017,02/17/2018,Cork,Assembled
LE-507-46106,OP-826-82955,ACC-530-89290,OR-521-57734,QU-820-49625,IN-733-71078,Print Bed,SP-7g2488r5,2394,07/29/2017,11/09/2017,Cork,Spare Parts
LE-856-96192,OP-108-91685,ACC-118-78067,OR-665-77394,QU-869-81436,IN-574-39737,Print Bed,SP-7g2488r5,7275,04/06/2017,01/15/2018,Belfast,Spare Parts
LE-665-99388,OP-030-66102,ACC-127-62190,OR-882-58139,QU-688-63575,IN-467-21999,Print Bed,SP-7g2488r5,7470,06/28/2017,11/17/2017,Galway,Spare Parts
LE-602-62064,OP-402-67681,ACC-874-22890,OR-495-06463,QU-676-75749,IN-308-16162,Print Bed,SP-7g2488r5,8400,05/07/2017,12/17/2017,Cork,Spare Parts
LE-301-53723,OP-849-26212,ACC-571-62800,OR-833-36017,QU-460-34121,IN-238-73829,Print Bed,SP-7g2488r5,5389,03/19/2017,11/21/2017,Belfast,Spare Parts
LE-421-28694,OP-813-89802,ACC-041-95604,OR-889-31932,QU-828-41011,IN-331-37486,Print Bed,SP-7g2488r5,4859,03/27/2017,12/15/2017,Limerick,Spare Parts
LE-980-06089,OP-535-96025,ACC-343-54540,OR-369-01914,QU-785-46172,IN-976-91218,Print Bed,SP-7g2488r5,7130,03/26/2017,11/08/2017,Cork,Spare Parts
LE-773-95651,OP-170-48424,ACC-820-34996,OR-079-69826,QU-351-41001,IN-452-26306,Print Bed,SP-7g2488r5,6824,03/10/2017,11/27/2017,Maynooth,Spare Parts
LE-552-71854,OP-097-52407,ACC-440-34133,OR-139-98403,QU-685-84086,IN-425-96833,Print Bed,SP-7g2488r5,7711,07/11/2017,02/26/2018,Cork,Spare Parts
LE-186-68944,OP-572-90997,ACC-343-63497,OR-945-97199,QU-587-47616,IN-090-99968,Print Bed,SP-7g2488r5,8405,06/11/2017,01/04/2018,Belfast,Spare Parts
LE-658-90269,OP-050-34390,ACC-541-09830,OR-266-43726,QU-781-58097,IN-169-06188,Print Bed,SP-7g2488r5,7788,07/18/2017,02/08/2018,Galway,Spare Parts
LE-639-14405,OP-671-56027,ACC-408-51469,OR-077-03389,QU-657-89313,IN-448-40338,Print Bed,SP-7g2488r5,7476,07/24/2017,12/27/2017,Galway,Spare Parts
LE-764-24190,OP-380-62647,ACC-335-82923,OR-190-25333,QU-790-44548,IN-537-03598,Print Bed,SP-7g2488r5,6717,07/07/2017,02/20/2018,Maynooth,Spare Parts
LE-719-95819,OP-911-65114,ACC-355-48464,OR-801-90483,QU-478-34345,IN-939-04533,Print Bed,SP-7g2488r5,7476,04/18/2017,10/14/2017,Galway,Spare Parts
LE-879-76599,OP-194-65746,ACC-084-97579,OR-823-48718,QU-602-13665,IN-752-42467,Print Bed,SP-7g2488r5,4014,03/24/2017,01/18/2018,Maynooth,Spare Parts
LE-036-19023,OP-766-93042,ACC-775-93108,OR-243-32515,QU-715-20337,IN-131-82220,Print Bed,SP-7g2488r5,2888,05/29/2017,01/09/2018,Maynooth,Spare Parts
LE-553-29773,OP-941-40394,ACC-677-64352,OR-864-53993,QU-395-60160,IN-030-04589,Print Bed,SP-7g2488r5,4852,03/28/2017,10/15/2017,Dublin,Spare Parts
LE-546-31610,OP-836-12910,ACC-989-69514,OR-347-66926,QU-298-34436,IN-067-71737,Print Bed,SP-7g2488r5,7264,04/16/2017,11/08/2017,Cork,Spare Parts
LE-622-95496,OP-611-69550,ACC-513-18962,OR-073-46326,QU-147-11762,IN-829-89928,Print Bed,SP-7g2488r5,8436,05/29/2017,01/24/2018,Cork,Spare Parts
LE-159-86105,OP-649-46334,ACC-044-01800,OR-091-40423,QU-542-17575,IN-768-46616,Print Bed,SP-7g2488r5,9335,05/08/2017,10/14/2017,Maynooth,Spare Parts
LE-754-26492,OP-646-61860,ACC-867-64150,OR-028-89120,QU-069-63459,IN-660-35013,Print Bed,SP-7g2488r5,8798,07/28/2017,02/28/2018,Limerick,Spare Parts
LE-076-14274,OP-543-99973,ACC-910-11318,OR-506-62488,QU-114-49879,IN-232-91207,Print Bed,SP-7g2488r5,3986,03/23/2017,01/20/2018,Dublin,Spare Parts
LE-634-32897,OP-994-91297,ACC-508-73413,OR-181-16946,QU-534-67024,IN-299-74479,Print Bed,SP-7g2488r5,2617,03/07/2017,02/08/2018,Limerick,Spare Parts
LE-925-71026,OP-058-27844,ACC-683-24336,OR-967-46893,QU-837-46888,IN-017-78199,Print Bed,SP-7g2488r5,6774,05/22/2017,02/01/2018,Maynooth,Spare Parts
LE-033-08650,OP-005-20135,ACC-179-68104,OR-769-85278,QU-798-56764,IN-095-66227,Print Bed,SP-7g2488r5,4896,05/21/2017,02/21/2018,Dublin,Spare Parts
LE-352-01285,OP-976-53445,ACC-021-68445,OR-892-30213,QU-623-35836,IN-081-61263,Print Bed,SP-7g2488r5,5164,07/21/2017,10/13/2017,Belfast,Spare Parts
LE-237-93154,OP-162-12046,ACC-746-71450,OR-417-74456,QU-987-78065,IN-313-26011,Print Bed,SP-7g2488r5,7007,05/18/2017,01/01/2018,Maynooth,Spare Parts
LE-054-45741,OP-778-95498,ACC-663-99615,OR-557-60100,QU-782-60619,IN-090-14569,Print Bed,SP-7g2488r5,2901,06/20/2017,12/22/2017,Belfast,Spare Parts
LE-479-49953,OP-708-56841,ACC-945-71791,OR-578-90031,QU-282-38726,IN-410-54295,Frame,SP-9o2014z5,7054,06/19/2017,01/19/2018,Maynooth,Spare Parts
LE-939-39135,OP-979-48253,ACC-371-89211,OR-252-26744,QU-584-81732,IN-763-51927,Frame,SP-9o2014z5,5332,03/31/2017,10/14/2017,Dublin,Spare Parts
LE-806-34670,OP-566-01055,ACC-910-58442,OR-527-16202,QU-766-38712,IN-389-66415,Frame,SP-9o2014z5,8233,06/21/2017,01/28/2018,Maynooth,Spare Parts
LE-846-71792,OP-520-52554,ACC-023-80750,OR-836-06273,QU-072-19466,IN-271-63982,Frame,SP-9o2014z5,4062,07/06/2017,10/11/2017,Cork,Spare Parts
LE-225-66344,OP-569-03254,ACC-428-93427,OR-620-14608,QU-544-84807,IN-275-51630,Frame,SP-9o2014z5,5926,07/30/2017,01/09/2018,Belfast,Spare Parts
LE-138-31757,OP-249-91559,ACC-364-46167,OR-352-53761,QU-099-05197,IN-040-89568,Frame,SP-9o2014z5,7494,03/24/2017,01/18/2018,Cork,Spare Parts
LE-883-02853,OP-471-75246,ACC-000-51871,OR-864-81388,QU-307-92251,IN-072-55114,Frame,SP-9o2014z5,9080,05/13/2017,10/02/2017,Belfast,Spare Parts
LE-994-50609,OP-130-14851,ACC-841-37977,OR-153-24456,QU-057-37308,IN-802-41625,Frame,SP-9o2014z5,10589,03/10/2017,11/30/2017,Galway,Spare Parts
LE-607-15787,OP-303-20816,ACC-829-69928,OR-943-73308,QU-490-15733,IN-362-66789,Frame,SP-9o2014z5,4956,06/07/2017,10/09/2017,Maynooth,Spare Parts
LE-050-82698,OP-034-96570,ACC-475-04765,OR-630-38706,QU-618-01270,IN-082-69426,Frame,SP-9o2014z5,7551,04/25/2017,12/23/2017,Dublin,Spare Parts
LE-652-34679,OP-984-84233,ACC-718-36152,OR-186-57096,QU-411-27179,IN-552-58773,Frame,SP-9o2014z5,1723,05/04/2017,02/20/2018,Dublin,Spare Parts
LE-812-61739,OP-120-17566,ACC-003-40468,OR-523-48993,QU-250-45077,IN-914-00348,Frame,SP-9o2014z5,6609,06/17/2017,02/07/2018,Galway,Spare Parts
LE-214-47844,OP-977-81752,ACC-612-03026,OR-201-29620,QU-290-70627,IN-846-55764,Frame,SP-9o2014z5,2225,05/07/2017,11/17/2017,Limerick,Spare Parts
LE-332-85271,OP-586-20925,ACC-479-49466,OR-830-74520,QU-199-11596,IN-494-67174,Frame,SP-9o2014z5,7878,05/08/2017,11/13/2017,Galway,Spare Parts
LE-817-16549,OP-657-47134,ACC-302-15010,OR-507-86717,QU-485-84402,IN-350-26257,Frame,SP-9o2014z5,5817,05/13/2017,01/30/2018,Cork,Spare Parts
LE-099-61780,OP-240-01944,ACC-769-96088,OR-738-07725,QU-983-12105,IN-138-49642,Frame,SP-9o2014z5,6545,07/28/2017,10/30/2017,Limerick,Spare Parts
LE-684-66235,OP-147-85821,ACC-130-59021,OR-269-90276,QU-241-37695,IN-854-11707,Frame,SP-9o2014z5,4862,03/06/2017,12/15/2017,Galway,Spare Parts
LE-550-44652,OP-677-99240,ACC-646-44893,OR-828-65504,QU-075-29308,IN-930-56116,Frame,SP-9o2014z5,4122,03/01/2017,11/24/2017,Dublin,Spare Parts
LE-548-42790,OP-457-00317,ACC-160-06132,OR-948-73749,QU-118-77589,IN-242-09966,Frame,SP-9o2014z5,5587,04/12/2017,02/19/2018,Belfast,Spare Parts
LE-219-02970,OP-777-07351,ACC-959-89251,OR-358-62706,QU-974-75144,IN-961-03996,Frame,SP-9o2014z5,7557,06/21/2017,01/20/2018,Belfast,Spare Parts
LE-788-63791,OP-975-40419,ACC-866-75302,OR-118-69132,QU-417-84863,IN-615-85748,Frame,SP-9o2014z5,5408,07/26/2017,11/25/2017,Belfast,Spare Parts
LE-281-63856,OP-907-82562,ACC-040-32714,OR-252-93110,QU-199-78032,IN-138-20746,Frame,SP-9o2014z5,6306,05/19/2017,02/17/2018,Dublin,Spare Parts
LE-639-08493,OP-577-15530,ACC-948-87685,OR-861-91489,QU-492-90194,IN-118-80077,Frame,SP-9o2014z5,6111,04/03/2017,11/02/2017,Maynooth,Spare Parts
LE-228-42352,OP-192-65522,ACC-374-37656,OR-496-90609,QU-950-88219,IN-247-84369,Frame,SP-9o2014z5,7034,06/20/2017,01/30/2018,Cork,Spare Parts
LE-222-57901,OP-997-75429,ACC-848-22428,OR-174-01837,QU-662-60464,IN-356-97467,Frame,SP-9o2014z5,5065,04/18/2017,11/28/2017,Cork,Spare Parts
LE-785-28507,OP-532-02086,ACC-187-96732,OR-423-45317,QU-671-85259,IN-162-22279,Frame,SP-9o2014z5,8018,06/04/2017,11/25/2017,Dublin,Spare Parts
LE-348-34598,OP-936-15523,ACC-780-18731,OR-395-66446,QU-395-88407,IN-963-41211,Frame,SP-9o2014z5,9165,03/22/2017,11/22/2017,Belfast,Spare Parts
LE-842-59348,OP-770-71745,ACC-174-08169,OR-962-69880,QU-085-28768,IN-031-91740,Frame,SP-9o2014z5,7830,03/22/2017,01/22/2018,Cork,Spare Parts
LE-844-65603,OP-871-21844,ACC-257-08310,OR-829-47922,QU-318-97868,IN-247-62785,Frame,SP-9o2014z5,7909,07/30/2017,01/03/2018,Belfast,Spare Parts
LE-582-76394,OP-645-14189,ACC-215-57388,OR-768-51326,QU-663-37921,IN-833-93250,Frame,SP-9o2014z5,6063,06/10/2017,10/30/2017,Galway,Spare Parts
LE-995-51033,OP-194-41089,ACC-264-75564,OR-902-87946,QU-462-60912,IN-383-82441,Frame,SP-9o2014z5,7061,06/14/2017,12/27/2017,Galway,Spare Parts
LE-135-33244,OP-643-87366,ACC-047-45361,OR-006-92714,QU-114-00278,IN-526-55063,Frame,SP-9o2014z5,3958,04/30/2017,02/17/2018,Belfast,Spare Parts
LE-115-23672,OP-240-57103,ACC-852-26552,OR-261-44065,QU-017-34800,IN-918-16323,Frame,SP-9o2014z5,4879,03/23/2017,02/20/2018,Maynooth,Spare Parts
LE-403-71985,OP-524-24835,ACC-868-08927,OR-305-51625,QU-482-22521,IN-571-50842,Frame,SP-9o2014z5,5765,03/19/2017,10/07/2017,Maynooth,Spare Parts
LE-269-41586,OP-827-98212,ACC-314-23595,OR-270-43077,QU-295-20579,IN-741-02382,Frame,SP-9o2014z5,3679,06/23/2017,01/22/2018,Cork,Spare Parts
LE-554-97497,OP-173-54718,ACC-891-53789,OR-979-60521,QU-851-41529,IN-277-52507,Belts,SP-1j3802q0,4893,04/15/2017,02/15/2018,Cork,Spare Parts
LE-201-26087,OP-262-81966,ACC-732-58728,OR-842-57167,QU-925-19925,IN-872-97488,Belts,SP-1j3802q0,4775,04/03/2017,02/09/2018,Dublin,Spare Parts
LE-365-34728,OP-194-86664,ACC-415-62594,OR-989-28938,QU-119-84478,IN-296-67055,Belts,SP-1j3802q0,7108,05/07/2017,01/05/2018,Dublin,Spare Parts
LE-025-79369,OP-033-13922,ACC-668-22539,OR-803-46635,QU-601-16278,IN-734-65601,Belts,SP-1j3802q0,4102,03/26/2017,10/05/2017,Maynooth,Spare Parts
LE-864-84374,OP-678-14038,ACC-309-32164,OR-160-14419,QU-370-30385,IN-866-36028,Belts,SP-1j3802q0,4630,06/10/2017,12/09/2017,Limerick,Spare Parts
LE-304-88910,OP-485-88888,ACC-075-78984,OR-126-41626,QU-978-45886,IN-707-50054,Belts,SP-1j3802q0,4560,03/07/2017,10/08/2017,Galway,Spare Parts
LE-963-93918,OP-144-31200,ACC-978-03592,OR-938-24017,QU-661-85639,IN-523-07954,Belts,SP-1j3802q0,3714,07/01/2017,02/15/2018,Cork,Spare Parts
LE-497-41777,OP-121-04843,ACC-014-40146,OR-656-04806,QU-314-64753,IN-807-59869,Belts,SP-1j3802q0,6303,03/15/2017,12/24/2017,Cork,Spare Parts
LE-483-38633,OP-957-28212,ACC-494-14084,OR-187-31821,QU-281-00355,IN-215-10197,Belts,SP-1j3802q0,6721,05/05/2017,12/27/2017,Dublin,Spare Parts
LE-946-29279,OP-114-90240,ACC-707-57213,OR-880-37024,QU-001-58569,IN-051-08433,Belts,SP-1j3802q0,6285,03/03/2017,02/09/2018,Maynooth,Spare Parts
LE-928-70075,OP-251-11692,ACC-969-80012,OR-131-74884,QU-016-62429,IN-969-34242,Belts,SP-1j3802q0,1662,03/27/2017,02/02/2018,Limerick,Spare Parts
LE-227-86297,OP-337-09276,ACC-427-34971,OR-587-97732,QU-814-54204,IN-224-92886,Belts,SP-1j3802q0,6221,03/21/2017,10/11/2017,Cork,Spare Parts
LE-550-70575,OP-200-27666,ACC-272-55356,OR-261-73010,QU-167-81532,IN-669-60799,Belts,SP-1j3802q0,3539,07/30/2017,11/04/2017,Cork,Spare Parts
LE-833-58331,OP-614-86868,ACC-215-56033,OR-564-94119,QU-800-32343,IN-605-15941,Belts,SP-1j3802q0,5251,04/29/2017,02/16/2018,Galway,Spare Parts
LE-428-56625,OP-082-36484,ACC-804-43432,OR-942-10995,QU-689-70641,IN-227-54310,Belts,SP-1j3802q0,6011,04/02/2017,02/09/2018,Belfast,Spare Parts
LE-301-69588,OP-398-76924,ACC-339-93326,OR-771-20242,QU-871-77918,IN-559-36014,Belts,SP-1j3802q0,5588,06/15/2017,12/15/2017,Cork,Spare Parts
LE-130-57380,OP-662-74987,ACC-993-71440,OR-508-98727,QU-069-95456,IN-027-40336,Belts,SP-1j3802q0,2658,06/08/2017,10/08/2017,Cork,Spare Parts
LE-622-49441,OP-184-99040,ACC-093-06300,OR-979-18328,QU-228-28492,IN-071-77178,Belts,SP-1j3802q0,9144,07/04/2017,11/13/2017,Galway,Spare Parts
LE-861-33509,OP-355-30268,ACC-262-82531,OR-278-02234,QU-013-34335,IN-600-76212,Belts,SP-1j3802q0,7792,04/03/2017,02/25/2018,Cork,Spare Parts
LE-792-12471,OP-958-71744,ACC-699-67938,OR-552-31054,QU-831-62878,IN-600-51153,Belts,SP-1j3802q0,5895,03/02/2017,01/23/2018,Galway,Spare Parts
LE-561-73849,OP-492-25932,ACC-550-00150,OR-840-79677,QU-817-34628,IN-814-48560,Belts,SP-1j3802q0,7008,07/24/2017,10/11/2017,Maynooth,Spare Parts
LE-278-66294,OP-831-85580,ACC-444-63652,OR-228-43332,QU-035-59518,IN-488-69363,Belts,SP-1j3802q0,1790,05/02/2017,01/10/2018,Galway,Spare Parts
LE-054-33465,OP-492-77499,ACC-135-37146,OR-694-15824,QU-638-79470,IN-308-61160,Mark-50,A-9o2147a8,1655,03/24/2017,10/21/2017,Galway,Assembled
LE-920-65471,OP-885-73596,ACC-631-57409,OR-219-65225,QU-695-11507,IN-627-85731,Mark-50,A-9o2147a8,5380,03/05/2017,10/28/2017,Cork,Assembled
LE-169-04046,OP-372-58981,ACC-057-02482,OR-367-51248,QU-856-12840,IN-792-28529,Mark-50,A-9o2147a8,5485,06/14/2017,02/18/2018,Galway,Assembled
LE-316-29541,OP-694-93253,ACC-038-47975,OR-796-49361,QU-000-39336,IN-327-72368,Mark-50,A-9o2147a8,3880,06/29/2017,02/09/2018,Belfast,Assembled
LE-310-72978,OP-631-21449,ACC-757-35507,OR-694-47546,QU-232-79739,IN-674-23103,Mark-50,A-9o2147a8,8017,04/09/2017,10/02/2017,Belfast,Assembled
LE-308-65296,OP-231-33514,ACC-197-11803,OR-363-86035,QU-154-24745,IN-923-64913,Mark-50,A-9o2147a8,6875,03/16/2017,01/17/2018,Maynooth,Assembled
LE-371-44002,OP-907-70019,ACC-115-73402,OR-368-78533,QU-220-41769,IN-680-77406,Mark-50,A-9o2147a8,5402,06/30/2017,10/27/2017,Dublin,Assembled
LE-012-82159,OP-421-02594,ACC-782-70646,OR-915-29653,QU-366-98204,IN-657-76617,Mark-50,A-9o2147a8,8012,07/20/2017,10/07/2017,Maynooth,Assembled
LE-191-80671,OP-021-02587,ACC-761-17714,OR-319-10273,QU-500-17658,IN-913-93445,Mark-50,A-9o2147a8,6344,06/14/2017,01/20/2018,Limerick,Assembled
LE-871-08106,OP-125-84672,ACC-688-71001,OR-975-71961,QU-568-76961,IN-244-62560,Mark-50,A-9o2147a8,4898,04/09/2017,01/14/2018,Cork,Assembled
LE-038-56058,OP-752-32851,ACC-234-82915,OR-214-55806,QU-760-01632,IN-512-03464,Mark-50,A-9o2147a8,6097,05/06/2017,10/30/2017,Galway,Assembled
LE-609-39599,OP-795-69502,ACC-860-78400,OR-308-64133,QU-499-36826,IN-827-63481,Mark-50,A-9o2147a8,6814,03/19/2017,10/17/2017,Belfast,Assembled
LE-527-36225,OP-971-59519,ACC-001-97189,OR-777-86325,QU-506-67971,IN-801-94500,Mark-50,A-9o2147a8,4040,04/15/2017,10/30/2017,Cork,Assembled
LE-726-86835,OP-661-74276,ACC-115-82900,OR-851-04484,QU-012-34670,IN-881-22483,Mark-50,A-9o2147a8,8206,06/20/2017,10/02/2017,Limerick,Assembled
LE-181-48642,OP-160-93261,ACC-644-14340,OR-508-91508,QU-301-56158,IN-322-66699,Mark-50,A-9o2147a8,3039,07/18/2017,10/02/2017,Cork,Assembled
LE-230-50339,OP-925-77713,ACC-224-92167,OR-458-61764,QU-280-14041,IN-307-08903,Mark-50,A-9o2147a8,6949,04/16/2017,10/10/2017,Belfast,Assembled
LE-826-89985,OP-084-98493,ACC-645-63209,OR-720-89980,QU-754-36700,IN-309-71877,Mark-50,A-9o2147a8,2935,06/06/2017,11/21/2017,Dublin,Assembled
LE-204-26449,OP-802-13550,ACC-791-48503,OR-193-26438,QU-693-09941,IN-023-43745,Mark-50,A-9o2147a8,2472,07/17/2017,11/12/2017,Cork,Assembled
LE-880-52170,OP-682-32822,ACC-588-97088,OR-572-86819,QU-253-67638,IN-347-82046,Mark-50,A-9o2147a8,9008,03/18/2017,01/20/2018,Galway,Assembled
LE-836-25619,OP-812-05399,ACC-622-12495,OR-846-32505,QU-886-85440,IN-776-86492,Mark-50,A-9o2147a8,5789,05/01/2017,01/21/2018,Limerick,Assembled
LE-217-73539,OP-336-01538,ACC-723-32732,OR-294-46230,QU-627-70768,IN-154-85950,Mark-50,A-9o2147a8,3797,03/03/2017,10/06/2017,Cork,Assembled
LE-912-80247,OP-820-73950,ACC-686-15151,OR-317-96232,QU-812-77909,IN-065-47608,Mark-50,A-9o2147a8,3976,07/04/2017,10/15/2017,Limerick,Assembled
LE-446-29334,OP-255-02717,ACC-908-50308,OR-267-46973,QU-586-39942,IN-333-19640,Mark-50,A-9o2147a8,8977,05/01/2017,01/24/2018,Dublin,Assembled
LE-126-59127,OP-603-92036,ACC-140-16814,OR-637-74156,QU-454-35750,IN-623-61838,Mark-50,A-9o2147a8,4327,05/12/2017,12/09/2017,Galway,Assembled
LE-263-90589,OP-806-60450,ACC-751-29703,OR-217-50770,QU-381-80984,IN-673-90073,Mark-50,A-9o2147a8,4627,07/20/2017,11/04/2017,Cork,Assembled
LE-266-62920,OP-628-61748,ACC-330-59988,OR-523-03819,QU-956-58509,IN-368-85494,Mark-50,A-9o2147a8,7799,03/29/2017,02/14/2018,Belfast,Assembled
LE-078-19428,OP-435-68582,ACC-613-27326,OR-570-39229,QU-360-93445,IN-080-51440,Mark-50,A-9o2147a8,5947,05/18/2017,02/19/2018,Cork,Assembled
LE-378-32398,OP-753-75286,ACC-369-99630,OR-872-93603,QU-586-20160,IN-492-72239,Mark-50,A-9o2147a8,7137,07/14/2017,12/11/2017,Dublin,Assembled
LE-111-26725,OP-211-19089,ACC-699-42042,OR-518-94831,QU-438-45710,IN-360-54016,Mark-50,A-9o2147a8,8783,06/13/2017,02/02/2018,Maynooth,Assembled
LE-685-97479,OP-717-22208,ACC-237-83693,OR-393-62266,QU-249-65280,IN-804-57561,Mark-50,A-9o2147a8,3419,04/03/2017,02/25/2018,Galway,Assembled
LE-538-14152,OP-020-80167,ACC-566-68634,OR-529-95986,QU-378-35464,IN-668-71965,Mark-5,A-9i3568y3,5009,03/12/2017,12/27/2017,Galway,Assembled
LE-647-86404,OP-076-49401,ACC-447-14776,OR-723-53407,QU-601-77251,IN-643-22517,Mark-5,A-9i3568y3,6665,06/07/2017,02/25/2018,Maynooth,Assembled
LE-185-98997,OP-545-44110,ACC-163-49564,OR-582-90379,QU-894-33148,IN-898-89929,Mark-5,A-9i3568y3,4267,03/27/2017,01/29/2018,Limerick,Assembled
LE-008-37816,OP-818-20380,ACC-902-63804,OR-538-30942,QU-629-71614,IN-459-76392,Mark-5,A-9i3568y3,4459,07/11/2017,10/17/2017,Maynooth,Assembled
LE-104-33746,OP-223-42253,ACC-859-43633,OR-707-32401,QU-570-78220,IN-206-88809,Mark-5,A-9i3568y3,8514,04/25/2017,11/11/2017,Maynooth,Assembled
LE-858-99866,OP-895-88874,ACC-279-60669,OR-126-00458,QU-203-53915,IN-956-19124,Mark-5,A-9i3568y3,9228,06/10/2017,10/13/2017,Maynooth,Assembled
LE-411-16381,OP-028-51736,ACC-432-57938,OR-141-71005,QU-959-15382,IN-595-17105,Mark-5,A-9i3568y3,6637,03/25/2017,11/12/2017,Limerick,Assembled
LE-811-93960,OP-874-46255,ACC-689-63973,OR-663-83179,QU-762-86688,IN-141-94738,Mark-5,A-9i3568y3,4193,03/29/2017,12/18/2017,Belfast,Assembled
LE-431-00056,OP-994-76650,ACC-564-50978,OR-565-86709,QU-753-71710,IN-264-46408,Mark-5,A-9i3568y3,6755,04/20/2017,01/31/2018,Limerick,Assembled
LE-584-95314,OP-433-91473,ACC-199-94066,OR-648-24570,QU-835-83782,IN-580-06940,Mark-5,A-9i3568y3,6214,06/26/2017,10/25/2017,Belfast,Assembled
LE-600-71544,OP-240-11858,ACC-597-77059,OR-363-56755,QU-234-91240,IN-654-49115,Mark-5,A-9i3568y3,8508,07/09/2017,01/08/2018,Cork,Assembled
LE-596-55133,OP-017-83942,ACC-657-96576,OR-468-40370,QU-508-03182,IN-237-92187,Mark-5,A-9i3568y3,7541,05/07/2017,10/26/2017,Maynooth,Assembled
LE-276-46820,OP-953-71107,ACC-666-21799,OR-563-60257,QU-493-72586,IN-774-88703,Mark-5,A-9i3568y3,7345,05/06/2017,11/24/2017,Maynooth,Assembled
LE-333-92888,OP-686-30174,ACC-489-10686,OR-439-65810,QU-229-53810,IN-623-29351,Mark-5,A-9i3568y3,5771,06/10/2017,11/03/2017,Galway,Assembled
LE-390-38170,OP-592-68527,ACC-435-32054,OR-500-65415,QU-437-80805,IN-197-55705,Mark-5,A-9i3568y3,4800,07/23/2017,11/29/2017,Cork,Assembled
LE-278-88578,OP-506-82339,ACC-352-20632,OR-986-14434,QU-371-62937,IN-925-92956,Mark-5,A-9i3568y3,4977,05/25/2017,10/26/2017,Maynooth,Assembled
LE-560-77404,OP-661-74011,ACC-323-13293,OR-097-15335,QU-729-99668,IN-846-48428,Mark-5,A-9i3568y3,4634,06/18/2017,11/26/2017,Dublin,Assembled
LE-909-24389,OP-025-87809,ACC-606-98768,OR-966-63067,QU-528-99427,IN-822-69584,Mark-5,A-9i3568y3,4786,03/24/2017,02/19/2018,Galway,Assembled
LE-481-42792,OP-301-81674,ACC-547-58813,OR-734-63451,QU-589-63842,IN-747-91623,Mark-5,A-9i3568y3,7691,05/18/2017,02/17/2018,Galway,Assembled
LE-702-40208,OP-764-60366,ACC-668-48512,OR-224-69606,QU-479-58469,IN-431-89683,Mark-5,A-9i3568y3,9798,05/19/2017,11/14/2017,Maynooth,Assembled
LE-309-14022,OP-207-40062,ACC-290-38570,OR-176-94624,QU-361-77073,IN-886-19397,Mark-5,A-9i3568y3,2486,04/28/2017,01/24/2018,Maynooth,Assembled
LE-474-63842,OP-006-79238,ACC-579-07823,OR-697-21523,QU-215-75955,IN-730-38152,Mark-5,A-9i3568y3,3737,06/12/2017,12/17/2017,Cork,Assembled
LE-561-78870,OP-225-26926,ACC-275-70154,OR-393-15511,QU-234-05694,IN-572-11271,Mark-5,A-9i3568y3,3864,03/31/2017,12/22/2017,Galway,Assembled
LE-614-21236,OP-775-82982,ACC-866-70050,OR-742-05090,QU-024-91718,IN-164-60586,Mark-5,A-9i3568y3,9086,04/17/2017,11/03/2017,Belfast,Assembled
LE-052-02254,OP-620-63669,ACC-541-63038,OR-332-63311,QU-115-99746,IN-002-04624,Mark-5,A-9i3568y3,3885,05/04/2017,02/27/2018,Maynooth,Assembled
LE-622-24895,OP-536-98325,ACC-821-65031,OR-010-09086,QU-596-89538,IN-106-59488,Mark-5,A-9i3568y3,4109,06/16/2017,11/20/2017,Belfast,Assembled
LE-534-06284,OP-315-30440,ACC-771-82333,OR-443-69764,QU-878-60302,IN-972-87334,Mark-5,A-9i3568y3,6519,04/05/2017,02/02/2018,Belfast,Assembled
LE-877-35111,OP-042-99168,ACC-273-69984,OR-302-45749,QU-085-39342,IN-664-91675,Mark-5,A-9i3568y3,7705,04/06/2017,02/20/2018,Galway,Assembled
LE-636-44446,OP-431-59530,ACC-222-81975,OR-111-55853,QU-304-12266,IN-295-35296,Mark-5,A-9i3568y3,7897,06/04/2017,10/01/2017,Galway,Assembled
LE-992-21295,OP-642-14523,ACC-858-03363,OR-143-63271,QU-238-91373,IN-548-99144,Mark-5,A-9i3568y3,7772,03/26/2017,10/20/2017,Dublin,Assembled
LE-322-00925,OP-059-90012,ACC-536-66840,OR-132-97705,QU-152-67771,IN-888-35397,Mark-5,A-9i3568y3,7011,07/22/2017,02/13/2018,Dublin,Assembled
LE-518-66619,OP-574-64110,ACC-347-34480,OR-798-67451,QU-398-32711,IN-893-33136,Mark-5,A-9i3568y3,7319,07/31/2017,02/06/2018,Dublin,Assembled
LE-960-79717,OP-455-66775,ACC-059-67506,OR-439-45692,QU-223-04247,IN-522-91599,Mark-5,A-9i3568y3,2774,03/17/2017,01/24/2018,Belfast,Assembled
LE-943-31255,OP-923-49643,ACC-762-02147,OR-285-17574,QU-689-15944,IN-210-99460,Mark-5,A-9i3568y3,7375,04/13/2017,10/01/2017,Dublin,Assembled
LE-585-13734,OP-805-80646,ACC-969-78400,OR-266-37718,QU-420-81112,IN-625-53732,Mark-5,A-9i3568y3,5234,04/15/2017,10/25/2017,Maynooth,Assembled
LE-952-74716,OP-687-67970,ACC-987-68816,OR-276-75175,QU-206-50247,IN-748-87222,Filament,SP-4o9597q4,8056,05/24/2017,12/09/2017,Galway,Spare Parts
LE-935-62365,OP-912-13615,ACC-772-09788,OR-948-45191,QU-279-73515,IN-246-26308,Filament,SP-4o9597q4,3468,03/16/2017,11/23/2017,Maynooth,Spare Parts
LE-153-50281,OP-584-64719,ACC-240-04750,OR-492-83902,QU-701-12907,IN-929-16980,Filament,SP-4o9597q4,6129,04/27/2017,11/14/2017,Galway,Spare Parts
LE-067-99135,OP-501-03353,ACC-991-26563,OR-951-34284,QU-909-91401,IN-520-00910,Filament,SP-4o9597q4,10300,03/28/2017,11/25/2017,Cork,Spare Parts
LE-856-41325,OP-666-97724,ACC-031-24088,OR-598-93033,QU-604-85423,IN-523-09649,Filament,SP-4o9597q4,4332,05/31/2017,10/07/2017,Maynooth,Spare Parts
LE-462-93759,OP-376-43953,ACC-076-63616,OR-784-62089,QU-813-21943,IN-517-03804,Filament,SP-4o9597q4,2975,03/19/2017,10/13/2017,Belfast,Spare Parts
LE-539-15992,OP-596-32927,ACC-800-84094,OR-691-07457,QU-369-25245,IN-691-54938,Filament,SP-4o9597q4,4820,06/11/2017,01/25/2018,Dublin,Spare Parts
LE-365-08185,OP-179-16955,ACC-578-25479,OR-928-02036,QU-277-94340,IN-609-35660,Filament,SP-4o9597q4,9489,04/05/2017,01/10/2018,Maynooth,Spare Parts
LE-324-73290,OP-504-81845,ACC-447-62992,OR-960-13153,QU-035-77359,IN-115-41871,Filament,SP-4o9597q4,5061,05/02/2017,02/13/2018,Belfast,Spare Parts
LE-317-94944,OP-638-01812,ACC-095-07034,OR-030-56867,QU-436-75356,IN-038-88483,Filament,SP-4o9597q4,2935,04/30/2017,12/15/2017,Cork,Spare Parts
LE-301-58551,OP-523-54430,ACC-393-14864,OR-036-74922,QU-235-87433,IN-308-49497,Filament,SP-4o9597q4,6354,04/24/2017,01/15/2018,Limerick,Spare Parts
LE-225-66557,OP-034-39194,ACC-061-65967,OR-820-42259,QU-293-49406,IN-121-73609,Filament,SP-4o9597q4,5924,06/25/2017,10/22/2017,Cork,Spare Parts
LE-316-05010,OP-530-72303,ACC-539-62143,OR-625-62316,QU-368-13375,IN-191-80658,Filament,SP-4o9597q4,4880,05/04/2017,02/14/2018,Belfast,Spare Parts
LE-371-84629,OP-543-41081,ACC-846-14273,OR-514-23076,QU-433-70133,IN-844-40995,Filament,SP-4o9597q4,4898,06/22/2017,11/06/2017,Cork,Spare Parts
LE-942-68813,OP-555-60262,ACC-199-22870,OR-856-07025,QU-192-60715,IN-257-24086,Filament,SP-4o9597q4,2813,03/06/2017,10/31/2017,Dublin,Spare Parts
LE-692-07955,OP-704-57589,ACC-589-56441,OR-236-51404,QU-324-92108,IN-772-11409,Filament,SP-4o9597q4,8321,07/16/2017,12/07/2017,Cork,Spare Parts
LE-203-72831,OP-252-33966,ACC-971-43752,OR-202-98831,QU-344-54952,IN-679-71816,Filament,SP-4o9597q4,6498,03/20/2017,10/13/2017,Dublin,Spare Parts
LE-590-90081,OP-945-80129,ACC-345-25440,OR-618-12554,QU-738-08842,IN-046-96704,Filament,SP-4o9597q4,3623,04/07/2017,10/16/2017,Belfast,Spare Parts
LE-473-94748,OP-974-41632,ACC-966-50828,OR-811-76804,QU-540-05620,IN-670-66859,Filament,SP-4o9597q4,5828,05/13/2017,02/06/2018,Galway,Spare Parts
LE-686-85259,OP-513-12141,ACC-022-74331,OR-891-37135,QU-223-52482,IN-974-07118,Filament,SP-4o9597q4,6388,06/26/2017,12/30/2017,Maynooth,Spare Parts
LE-079-20586,OP-907-15833,ACC-658-47967,OR-814-88825,QU-719-70466,IN-433-76540,Filament,SP-4o9597q4,7148,04/01/2017,02/11/2018,Belfast,Spare Parts
LE-413-14627,OP-131-31594,ACC-280-10310,OR-739-39200,QU-993-45905,IN-841-05965,Filament,SP-4o9597q4,8236,04/23/2017,10/21/2017,Dublin,Spare Parts
LE-897-89636,OP-401-30237,ACC-006-59495,OR-545-47719,QU-675-67639,IN-039-90631,Filament,SP-4o9597q4,2130,04/14/2017,12/11/2017,Maynooth,Spare Parts
LE-583-03061,OP-441-06005,ACC-788-82306,OR-700-52839,QU-206-28044,IN-636-73220,Filament,SP-4o9597q4,3057,07/10/2017,01/06/2018,Maynooth,Spare Parts
LE-664-33173,OP-377-13074,ACC-869-52909,OR-806-16422,QU-270-25032,IN-052-10866,Filament,SP-4o9597q4,6889,06/13/2017,12/05/2017,Galway,Spare Parts
LE-393-60499,OP-734-19177,ACC-163-91335,OR-007-30861,QU-387-12845,IN-005-24959,Filament,SP-4o9597q4,4307,04/21/2017,12/11/2017,Dublin,Spare Parts
LE-219-13415,OP-041-82455,ACC-713-36586,OR-186-99983,QU-927-71385,IN-514-24034,Filament,SP-4o9597q4,7413,07/28/2017,02/01/2018,Limerick,Spare Parts
LE-756-87126,OP-634-72231,ACC-638-05072,OR-115-89903,QU-155-81505,IN-918-34674,Filament,SP-4o9597q4,3635,06/17/2017,01/29/2018,Limerick,Spare Parts
LE-950-87215,OP-488-28306,ACC-535-47726,OR-287-92031,QU-136-46828,IN-971-65717,Filament,SP-4o9597q4,3759,04/24/2017,12/16/2017,Belfast,Spare Parts
LE-017-76234,OP-009-03936,ACC-588-29126,OR-643-88768,QU-200-26501,IN-871-61378,Filament,SP-4o9597q4,9164,04/26/2017,12/12/2017,Galway,Spare Parts
LE-995-06192,OP-173-03446,ACC-112-25161,OR-837-76771,QU-841-53907,IN-134-72831,Mark-10,A-0u7085f0,8158,05/12/2017,11/14/2017,Belfast,Assembled
LE-109-03173,OP-632-68884,ACC-294-25438,OR-910-05883,QU-896-14860,IN-490-36422,Mark-10,A-0u7085f0,6811,07/28/2017,11/24/2017,Cork,Assembled
LE-758-36366,OP-871-72251,ACC-662-75454,OR-179-77221,QU-292-84117,IN-607-90931,Mark-10,A-0u7085f0,5409,04/08/2017,10/02/2017,Belfast,Assembled
LE-244-20585,OP-262-79575,ACC-108-50466,OR-142-65535,QU-155-84309,IN-821-53727,Mark-10,A-0u7085f0,2916,05/26/2017,10/05/2017,Limerick,Assembled
LE-693-10180,OP-232-43667,ACC-149-05873,OR-159-07871,QU-331-72276,IN-832-02530,Mark-10,A-0u7085f0,4913,03/04/2017,10/12/2017,Limerick,Assembled
LE-100-91989,OP-592-51272,ACC-090-75868,OR-078-64234,QU-631-23996,IN-918-06491,Mark-10,A-0u7085f0,9760,03/25/2017,11/26/2017,Maynooth,Assembled
LE-254-25022,OP-736-72920,ACC-131-46861,OR-385-22706,QU-678-63222,IN-043-71633,Mark-10,A-0u7085f0,8872,04/11/2017,01/10/2018,Belfast,Assembled
LE-945-84905,OP-621-03200,ACC-476-56175,OR-361-60833,QU-717-60861,IN-410-08296,Mark-10,A-0u7085f0,4385,05/13/2017,11/07/2017,Maynooth,Assembled
LE-153-23584,OP-906-59917,ACC-913-38365,OR-634-71519,QU-878-43603,IN-201-69971,Mark-10,A-0u7085f0,8411,03/11/2017,01/20/2018,Galway,Assembled
LE-091-33874,OP-281-61684,ACC-995-58068,OR-712-22395,QU-279-14226,IN-864-75755,Mark-10,A-0u7085f0,3641,05/02/2017,02/05/2018,Belfast,Assembled
LE-220-78032,OP-093-91433,ACC-343-09216,OR-311-62775,QU-101-25747,IN-859-74216,Mark-10,A-0u7085f0,3393,06/09/2017,10/14/2017,Maynooth,Assembled
LE-561-04263,OP-062-34897,ACC-281-42907,OR-009-45134,QU-200-11650,IN-335-43351,Mark-10,A-0u7085f0,9105,06/19/2017,12/12/2017,Belfast,Assembled
LE-668-69340,OP-996-37123,ACC-667-51118,OR-016-16228,QU-355-23180,IN-139-16333,Mark-10,A-0u7085f0,6666,07/18/2017,11/21/2017,Cork,Assembled
LE-387-20541,OP-481-56698,ACC-998-74626,OR-550-58068,QU-758-35104,IN-278-85551,Mark-10,A-0u7085f0,6267,05/08/2017,12/23/2017,Dublin,Assembled
LE-837-37479,OP-270-26380,ACC-608-80657,OR-428-25420,QU-986-28263,IN-140-08270,Mark-10,A-0u7085f0,9289,04/15/2017,01/07/2018,Limerick,Assembled
LE-807-40147,OP-638-05304,ACC-763-18482,OR-759-65253,QU-374-45105,IN-850-96491,Mark-10,A-0u7085f0,6650,04/03/2017,02/12/2018,Maynooth,Assembled
LE-574-52848,OP-377-65142,ACC-510-50694,OR-438-29984,QU-072-33980,IN-751-55176,Mark-10,A-0u7085f0,2104,04/21/2017,02/23/2018,Cork,Assembled
LE-794-34569,OP-104-15330,ACC-932-40335,OR-886-96814,QU-412-17167,IN-249-07137,Mark-10,A-0u7085f0,10073,05/01/2017,11/28/2017,Limerick,Assembled
LE-690-38779,OP-799-68924,ACC-206-84126,OR-394-02661,QU-756-35309,IN-718-39376,Mark-10,A-0u7085f0,1658,06/20/2017,02/12/2018,Limerick,Assembled
LE-831-65681,OP-063-98162,ACC-408-42549,OR-156-15474,QU-792-65245,IN-021-12973,Mark-10,A-0u7085f0,2352,03/17/2017,11/08/2017,Dublin,Assembled
LE-583-13347,OP-318-72961,ACC-262-37113,OR-907-85276,QU-825-70550,IN-694-30843,Mark-10,A-0u7085f0,6976,04/27/2017,11/23/2017,Cork,Assembled
LE-483-39777,OP-408-18009,ACC-944-43455,OR-982-25202,QU-365-57587,IN-808-17595,Mark-10,A-0u7085f0,6073,03/08/2017,02/07/2018,Maynooth,Assembled
LE-286-79794,OP-017-35248,ACC-151-80064,OR-862-42799,QU-635-43491,IN-268-23765,Mark-10,A-0u7085f0,3721,04/01/2017,10/10/2017,Maynooth,Assembled
LE-081-45871,OP-617-58981,ACC-047-15109,OR-314-46058,QU-584-30124,IN-630-44570,Mark-10,A-0u7085f0,3151,07/03/2017,02/23/2018,Limerick,Assembled
LE-241-70420,OP-282-85104,ACC-560-56050,OR-231-75804,QU-041-86094,IN-742-10682,Mark-10,A-0u7085f0,9270,05/07/2017,11/08/2017,Galway,Assembled
LE-305-19667,OP-625-78363,ACC-818-25170,OR-520-21246,QU-692-94794,IN-577-79422,Mark-10,A-0u7085f0,8685,06/23/2017,02/09/2018,Galway,Assembled
LE-553-30814,OP-675-41695,ACC-721-31731,OR-284-80723,QU-468-72928,IN-044-12813,Mark-10,A-0u7085f0,4367,06/13/2017,10/30/2017,Belfast,Assembled
LE-161-90680,OP-224-00010,ACC-845-62889,OR-700-75072,QU-953-56467,IN-229-37471,Mark-10,A-0u7085f0,6351,06/06/2017,02/19/2018,Limerick,Assembled
LE-787-59826,OP-477-97231,ACC-548-26553,OR-031-43992,QU-184-76970,IN-903-45747,Mark-10,A-0u7085f0,3806,03/23/2017,01/11/2018,Limerick,Assembled
LE-006-95037,OP-696-08311,ACC-184-50332,OR-778-88339,QU-687-94075,IN-024-50688,Mark-10,A-0u7085f0,10570,05/26/2017,01/23/2018,Cork,Assembled
LE-689-85994,OP-036-12333,ACC-336-37337,OR-747-76788,QU-257-13539,IN-167-65598,Controller Board,SP-6x5102j8,10625,07/19/2017,01/21/2018,Belfast,Spare Parts
LE-867-84638,OP-921-60481,ACC-138-80430,OR-992-76791,QU-595-08321,IN-829-39022,Controller Board,SP-6x5102j8,6960,06/27/2017,01/08/2018,Galway,Spare Parts
LE-719-09113,OP-950-09527,ACC-102-54373,OR-196-64846,QU-580-35777,IN-259-95321,Controller Board,SP-6x5102j8,3921,07/20/2017,01/27/2018,Belfast,Spare Parts
LE-956-09005,OP-692-20004,ACC-934-48543,OR-150-06645,QU-196-81532,IN-769-21027,Controller Board,SP-6x5102j8,3109,05/22/2017,01/24/2018,Galway,Spare Parts
LE-751-02109,OP-511-81669,ACC-873-45500,OR-217-54709,QU-824-85889,IN-017-83806,Controller Board,SP-6x5102j8,7906,05/06/2017,11/26/2017,Maynooth,Spare Parts
LE-960-03569,OP-705-33721,ACC-620-29488,OR-911-50645,QU-543-88820,IN-263-46192,Controller Board,SP-6x5102j8,9235,05/27/2017,02/07/2018,Belfast,Spare Parts
LE-457-15409,OP-745-19466,ACC-665-04672,OR-893-99056,QU-426-83236,IN-482-89479,Controller Board,SP-6x5102j8,8966,04/14/2017,01/25/2018,Dublin,Spare Parts
LE-068-98290,OP-113-29614,ACC-311-87034,OR-794-08787,QU-876-01858,IN-976-01577,Controller Board,SP-6x5102j8,7209,07/23/2017,02/12/2018,Maynooth,Spare Parts
LE-352-35679,OP-582-33533,ACC-943-17286,OR-303-40378,QU-219-73605,IN-630-12423,Controller Board,SP-6x5102j8,6137,05/18/2017,10/07/2017,Dublin,Spare Parts
LE-019-27082,OP-279-76063,ACC-385-99115,OR-296-70686,QU-069-04360,IN-732-95597,Controller Board,SP-6x5102j8,2383,04/03/2017,10/14/2017,Belfast,Spare Parts
LE-518-25063,OP-053-10246,ACC-432-24632,OR-445-36476,QU-885-38655,IN-779-20848,Controller Board,SP-6x5102j8,3495,04/21/2017,01/17/2018,Dublin,Spare Parts
LE-223-87214,OP-889-15838,ACC-237-60887,OR-754-59980,QU-840-22178,IN-048-63883,Controller Board,SP-6x5102j8,5577,07/10/2017,11/22/2017,Dublin,Spare Parts
LE-804-88912,OP-409-36048,ACC-696-30885,OR-664-02698,QU-012-63508,IN-939-89561,Controller Board,SP-6x5102j8,6100,05/30/2017,10/08/2017,Maynooth,Spare Parts
LE-150-76479,OP-712-96490,ACC-304-59932,OR-516-23541,QU-140-96708,IN-256-13947,Controller Board,SP-6x5102j8,2626,06/17/2017,12/08/2017,Dublin,Spare Parts
LE-978-72476,OP-012-22887,ACC-604-87630,OR-197-76106,QU-413-57288,IN-244-93412,Controller Board,SP-6x5102j8,5516,06/24/2017,02/21/2018,Cork,Spare Parts
LE-470-75639,OP-325-50849,ACC-591-49016,OR-060-14175,QU-330-40086,IN-563-39085,Controller Board,SP-6x5102j8,3809,06/21/2017,01/15/2018,Belfast,Spare Parts
LE-833-59796,OP-678-21845,ACC-663-50367,OR-110-09222,QU-814-04280,IN-686-19757,Controller Board,SP-6x5102j8,5511,03/12/2017,10/15/2017,Belfast,Spare Parts
LE-748-81119,OP-754-96485,ACC-341-11160,OR-338-80372,QU-667-70877,IN-926-48471,Controller Board,SP-6x5102j8,4388,03/17/2017,01/10/2018,Galway,Spare Parts
LE-748-84557,OP-796-82827,ACC-376-35647,OR-073-56381,QU-480-81328,IN-476-59341,Controller Board,SP-6x5102j8,4532,05/02/2017,11/11/2017,Galway,Spare Parts
LE-692-18235,OP-276-71537,ACC-181-57588,OR-490-63091,QU-234-06349,IN-006-45086,Controller Board,SP-6x5102j8,5334,03/02/2017,12/28/2017,Dublin,Spare Parts
LE-630-15146,OP-029-42114,ACC-935-63481,OR-100-88452,QU-948-61036,IN-096-31319,Controller Board,SP-6x5102j8,10127,07/19/2017,02/18/2018,Maynooth,Spare Parts
LE-828-50373,OP-887-73399,ACC-636-73746,OR-437-58283,QU-058-94442,IN-927-57748,Controller Board,SP-6x5102j8,5226,06/26/2017,02/19/2018,Dublin,Spare Parts
LE-076-99445,OP-133-47155,ACC-243-53865,OR-017-43377,QU-512-58340,IN-073-02153,Controller Board,SP-6x5102j8,6889,03/23/2017,10/16/2017,Galway,Spare Parts
LE-896-74980,OP-910-75925,ACC-911-11423,OR-542-47519,QU-565-42157,IN-294-02891,Controller Board,SP-6x5102j8,9893,06/15/2017,01/06/2018,Limerick,Spare Parts
LE-841-67733,OP-256-96273,ACC-498-13967,OR-855-05865,QU-169-59603,IN-542-59171,Controller Board,SP-6x5102j8,10121,05/02/2017,02/26/2018,Dublin,Spare Parts
LE-177-01282,OP-697-16070,ACC-397-16012,OR-219-94198,QU-034-21725,IN-652-45292,Controller Board,SP-6x5102j8,3523,06/05/2017,01/26/2018,Maynooth,Spare Parts
LE-852-08882,OP-606-29611,ACC-503-98401,OR-963-99473,QU-747-55278,IN-115-64286,Controller Board,SP-6x5102j8,7938,03/25/2017,02/27/2018,Galway,Spare Parts
LE-241-41231,OP-248-33774,ACC-745-52616,OR-816-90973,QU-769-20594,IN-466-12441,Controller Board,SP-6x5102j8,2458,05/17/2017,01/13/2018,Cork,Spare Parts
LE-448-71526,OP-921-68676,ACC-917-06425,OR-560-16546,QU-858-57856,IN-779-39415,Controller Board,SP-6x5102j8,10122,06/02/2017,02/22/2018,Cork,Spare Parts
LE-720-40673,OP-584-81194,ACC-350-13170,OR-157-67976,QU-690-99162,IN-124-00174,Controller Board,SP-6x5102j8,4603,03/30/2017,11/22/2017,Belfast,Spare Parts
LE-723-80560,OP-996-06475,ACC-051-02834,OR-186-82548,QU-824-03174,IN-805-08231,Controller Board,SP-6x5102j8,2707,05/26/2017,01/23/2018,Galway,Spare Parts
LE-226-61995,OP-755-24393,ACC-236-57326,OR-894-68055,QU-294-88766,IN-839-80809,Controller Board,SP-6x5102j8,3933,03/27/2017,01/03/2018,Cork,Spare Parts
LE-784-06591,OP-777-19795,ACC-213-62127,OR-400-36942,QU-223-91276,IN-129-33384,Controller Board,SP-6x5102j8,6298,04/21/2017,12/15/2017,Galway,Spare Parts
LE-725-99191,OP-827-53285,ACC-236-32257,OR-731-84338,QU-554-00386,IN-415-33109,Controller Board,SP-6x5102j8,2320,05/28/2017,02/10/2018,Cork,Spare Parts
LE-220-47943,OP-531-87387,ACC-450-85585,OR-957-17696,QU-949-16148,IN-470-67304,Controller Board,SP-6x5102j8,7108,07/26/2017,01/29/2018,Cork,Spare Parts
LE-660-83151,OP-608-83560,ACC-126-85056,OR-202-53796,QU-084-36484,IN-580-29642,Jarvis-1 T,A-5q8351o1,7024,04/08/2017,02/08/2018,Maynooth,Assembled
LE-514-52971,OP-149-84860,ACC-347-00665,OR-386-67968,QU-766-06606,IN-542-70065,Jarvis-1 T,A-5q8351o1,7820,07/22/2017,10/13/2017,Cork,Assembled
LE-517-46372,OP-601-84308,ACC-458-53009,OR-892-39156,QU-757-50058,IN-854-37887,Jarvis-1 T,A-5q8351o1,6927,03/05/2017,02/26/2018,Belfast,Assembled
LE-787-16582,OP-852-36363,ACC-226-22607,OR-337-60712,QU-128-95328,IN-976-23032,Jarvis-1 T,A-5q8351o1,5814,05/11/2017,10/08/2017,Belfast,Assembled
LE-321-97158,OP-331-53428,ACC-104-48828,OR-608-07536,QU-467-44249,IN-740-92262,Jarvis-1 T,A-5q8351o1,1673,07/08/2017,12/31/2017,Maynooth,Assembled
LE-718-22061,OP-319-88999,ACC-786-41078,OR-150-52482,QU-768-99211,IN-472-63900,Jarvis-1 T,A-5q8351o1,6003,05/30/2017,10/01/2017,Limerick,Assembled
LE-240-47643,OP-976-80447,ACC-217-94221,OR-640-34535,QU-810-12423,IN-265-75708,Jarvis-1 T,A-5q8351o1,2124,06/25/2017,11/25/2017,Maynooth,Assembled
LE-702-54710,OP-908-60978,ACC-263-20893,OR-826-79233,QU-717-67310,IN-342-98012,Jarvis-1 T,A-5q8351o1,8708,07/12/2017,11/16/2017,Cork,Assembled
LE-212-26556,OP-759-21895,ACC-546-01757,OR-126-12596,QU-644-49815,IN-978-44377,Jarvis-1 T,A-5q8351o1,4664,05/30/2017,01/25/2018,Dublin,Assembled
LE-698-24865,OP-361-82012,ACC-121-89129,OR-281-20973,QU-309-14518,IN-202-20274,Jarvis-1 T,A-5q8351o1,5027,07/17/2017,02/05/2018,Limerick,Assembled
LE-616-49491,OP-458-79906,ACC-014-95085,OR-787-96279,QU-745-22531,IN-397-19913,Jarvis-1 T,A-5q8351o1,5272,06/10/2017,12/12/2017,Maynooth,Assembled
LE-935-87163,OP-137-34279,ACC-682-77521,OR-551-58953,QU-068-13509,IN-331-20295,Jarvis-1 T,A-5q8351o1,8119,06/13/2017,02/18/2018,Belfast,Assembled
LE-669-83537,OP-360-23598,ACC-966-25395,OR-207-98136,QU-827-93782,IN-447-44588,Jarvis-1 T,A-5q8351o1,7160,03/12/2017,10/22/2017,Galway,Assembled
LE-861-65251,OP-082-45194,ACC-035-74205,OR-782-50556,QU-580-37464,IN-347-09049,Jarvis-1 T,A-5q8351o1,6402,03/12/2017,10/25/2017,Maynooth,Assembled
LE-481-46564,OP-181-91162,ACC-726-14995,OR-059-44591,QU-569-53809,IN-955-29037,Jarvis-1 T,A-5q8351o1,4810,03/28/2017,01/24/2018,Limerick,Assembled
LE-103-26531,OP-183-98267,ACC-333-46079,OR-232-37937,QU-229-50317,IN-105-11834,Jarvis-1 T,A-5q8351o1,6445,04/03/2017,12/23/2017,Dublin,Assembled
LE-013-25976,OP-470-61168,ACC-698-18378,OR-088-98598,QU-220-22856,IN-484-49251,Jarvis-1 T,A-5q8351o1,6067,07/26/2017,12/26/2017,Galway,Assembled
LE-421-97847,OP-145-11740,ACC-388-16424,OR-351-84720,QU-519-46711,IN-035-05875,Jarvis-1 T,A-5q8351o1,7713,04/11/2017,10/11/2017,Dublin,Assembled
LE-849-01266,OP-209-73945,ACC-568-04611,OR-271-01037,QU-772-87308,IN-772-63271,Jarvis-1 T,A-5q8351o1,8249,04/20/2017,10/18/2017,Dublin,Assembled
LE-230-64189,OP-144-38354,ACC-137-71009,OR-218-59422,QU-400-81483,IN-353-40578,Jarvis-1 T,A-5q8351o1,6969,07/01/2017,01/16/2018,Limerick,Assembled
LE-597-38028,OP-389-50719,ACC-578-88503,OR-479-35471,QU-585-31028,IN-456-75260,Jarvis-1 T,A-5q8351o1,5399,07/05/2017,11/25/2017,Cork,Assembled
LE-286-21183,OP-273-02561,ACC-929-61288,OR-128-15883,QU-066-39326,IN-251-34449,Jarvis-1 T,A-5q8351o1,7746,03/23/2017,12/16/2017,Belfast,Assembled
LE-056-39014,OP-835-96443,ACC-515-92311,OR-685-59249,QU-840-43005,IN-573-79080,Jarvis-1 T,A-5q8351o1,7569,07/07/2017,12/11/2017,Galway,Assembled
LE-413-32095,OP-517-38446,ACC-160-62817,OR-792-41738,QU-950-30923,IN-228-37683,Jarvis-1 T,A-5q8351o1,8250,05/25/2017,12/15/2017,Limerick,Assembled
LE-745-94901,OP-259-53598,ACC-690-44454,OR-903-97295,QU-708-80385,IN-930-75933,Jarvis-1 T,A-5q8351o1,4000,07/01/2017,10/29/2017,Belfast,Assembled
LE-741-60512,OP-014-67059,ACC-047-26247,OR-575-34540,QU-087-35309,IN-006-15703,Jarvis-1 T,A-5q8351o1,5318,04/20/2017,12/27/2017,Dublin,Assembled
LE-112-99543,OP-106-16643,ACC-213-43025,OR-887-57047,QU-407-85609,IN-319-94426,Jarvis-1 T,A-5q8351o1,6665,06/02/2017,10/22/2017,Cork,Assembled
LE-273-34546,OP-305-65621,ACC-281-17678,OR-226-81836,QU-050-32846,IN-454-23800,Jarvis-1 T,A-5q8351o1,3735,04/03/2017,11/20/2017,Maynooth,Assembled
LE-167-36851,OP-579-68574,ACC-613-42657,OR-876-01575,QU-238-74733,IN-764-73755,Jarvis-5 T,A-1s3102u0,3498,06/22/2017,01/29/2018,Galway,Assembled
LE-899-55733,OP-349-35719,ACC-590-74776,OR-154-58401,QU-900-86445,IN-478-17114,Jarvis-5 T,A-1s3102u0,7546,07/28/2017,11/15/2017,Dublin,Assembled
LE-079-08583,OP-893-16960,ACC-682-43471,OR-022-32554,QU-555-55095,IN-783-67160,Jarvis-5 T,A-1s3102u0,5776,04/18/2017,02/11/2018,Dublin,Assembled
LE-152-60786,OP-866-42160,ACC-987-08123,OR-908-80822,QU-275-05129,IN-003-31824,Jarvis-5 T,A-1s3102u0,9306,06/07/2017,02/26/2018,Galway,Assembled
LE-607-31477,OP-420-27907,ACC-889-98787,OR-923-43847,QU-838-22666,IN-522-07386,Jarvis-5 T,A-1s3102u0,9508,03/13/2017,10/26/2017,Cork,Assembled
LE-398-63646,OP-246-90266,ACC-350-83199,OR-191-76890,QU-788-34955,IN-968-11157,Jarvis-5 T,A-1s3102u0,5804,04/04/2017,12/19/2017,Cork,Assembled
LE-366-42468,OP-941-91426,ACC-141-83324,OR-597-75620,QU-842-01149,IN-663-77891,Jarvis-5 T,A-1s3102u0,8034,06/07/2017,12/18/2017,Cork,Assembled
LE-318-78380,OP-224-41545,ACC-047-82398,OR-429-77784,QU-755-43191,IN-680-82628,Jarvis-5 T,A-1s3102u0,4841,04/26/2017,01/19/2018,Galway,Assembled
LE-832-79922,OP-247-00436,ACC-600-21413,OR-051-65235,QU-854-61526,IN-603-06055,Jarvis-5 T,A-1s3102u0,5195,06/18/2017,01/06/2018,Dublin,Assembled
LE-964-95798,OP-966-03617,ACC-427-10376,OR-790-25073,QU-686-29634,IN-000-66838,Jarvis-5 T,A-1s3102u0,5206,07/19/2017,10/29/2017,Limerick,Assembled
LE-035-89862,OP-867-70506,ACC-379-68877,OR-631-65500,QU-573-29612,IN-351-23803,Jarvis-5 T,A-1s3102u0,3858,04/04/2017,11/20/2017,Belfast,Assembled
LE-127-53025,OP-457-42982,ACC-536-83154,OR-964-41122,QU-765-36738,IN-505-72346,Jarvis-5 T,A-1s3102u0,7862,05/09/2017,01/01/2018,Dublin,Assembled
LE-297-02475,OP-354-30922,ACC-996-44236,OR-935-78336,QU-233-31410,IN-749-96857,Jarvis-5 T,A-1s3102u0,5469,07/22/2017,12/30/2017,Galway,Assembled
LE-977-29743,OP-526-57049,ACC-897-55228,OR-361-47009,QU-535-70127,IN-719-22304,Jarvis-5 T,A-1s3102u0,11090,04/08/2017,01/25/2018,Limerick,Assembled
LE-057-92745,OP-014-09032,ACC-808-41401,OR-863-39119,QU-455-52925,IN-229-06434,Jarvis-5 T,A-1s3102u0,4894,05/12/2017,01/11/2018,Maynooth,Assembled
LE-572-38998,OP-452-77289,ACC-094-74351,OR-580-49314,QU-540-37863,IN-417-79178,Jarvis-5 T,A-1s3102u0,8208,03/05/2017,10/28/2017,Maynooth,Assembled
LE-361-65011,OP-104-04914,ACC-207-41993,OR-026-15166,QU-428-61185,IN-528-91212,Jarvis-5 T,A-1s3102u0,5676,05/24/2017,10/14/2017,Belfast,Assembled
LE-219-12763,OP-718-11097,ACC-253-40586,OR-932-47965,QU-562-02090,IN-896-39853,Jarvis-5 T,A-1s3102u0,7381,05/29/2017,10/11/2017,Belfast,Assembled
LE-438-97985,OP-552-24697,ACC-203-17005,OR-648-45344,QU-199-71957,IN-308-33492,Jarvis-5 T,A-1s3102u0,9884,03/24/2017,01/14/2018,Belfast,Assembled
LE-282-57833,OP-023-34902,ACC-920-80797,OR-933-54232,QU-468-13347,IN-888-04544,Jarvis-5 T,A-1s3102u0,4567,05/29/2017,12/28/2017,Cork,Assembled
LE-762-08464,OP-902-46712,ACC-328-33647,OR-267-08558,QU-460-07248,IN-420-15469,Jarvis-5 T,A-1s3102u0,1067,06/13/2017,02/06/2018,Dublin,Assembled
LE-146-32245,OP-191-47981,ACC-147-94439,OR-873-09211,QU-095-32451,IN-587-54679,Jarvis-5 T,A-1s3102u0,3380,03/21/2017,10/14/2017,Dublin,Assembled
LE-009-59375,OP-060-01170,ACC-278-66439,OR-166-73055,QU-440-82692,IN-253-63806,Jarvis-5 T,A-1s3102u0,5642,05/27/2017,10/01/2017,Dublin,Assembled
LE-394-46145,OP-541-12457,ACC-900-16485,OR-932-14492,QU-072-18493,IN-440-71154,Jarvis-5 T,A-1s3102u0,4420,05/30/2017,02/05/2018,Dublin,Assembled
LE-232-08107,OP-039-57754,ACC-899-21432,OR-978-34455,QU-884-69911,IN-391-66103,Jarvis-5 T,A-1s3102u0,8059,05/03/2017,11/01/2017,Belfast,Assembled
LE-518-85907,OP-045-90859,ACC-098-22726,OR-118-80360,QU-460-84095,IN-164-00773,Jarvis-5 T,A-1s3102u0,8629,03/03/2017,10/07/2017,Limerick,Assembled
LE-320-49149,OP-638-78876,ACC-012-19599,OR-990-00071,QU-753-00386,IN-179-91573,Jarvis-5 T,A-1s3102u0,7204,04/03/2017,01/07/2018,Belfast,Assembled
LE-497-01919,OP-270-17803,ACC-452-83445,OR-708-00626,QU-201-32102,IN-748-70383,Software and Drivers,S-3h9809u2,6288,06/18/2017,10/15/2017,Dublin,Software
LE-285-51112,OP-522-14562,ACC-521-61716,OR-748-49727,QU-320-86618,IN-971-94242,Software and Drivers,S-3h9809u2,3028,07/24/2017,01/22/2018,Dublin,Software
LE-102-46582,OP-934-77714,ACC-133-87173,OR-193-88978,QU-383-63614,IN-235-30496,Software and Drivers,S-3h9809u2,8955,04/09/2017,10/20/2017,Belfast,Software
LE-671-16658,OP-254-52523,ACC-151-59369,OR-202-31976,QU-152-57775,IN-381-50628,Software and Drivers,S-3h9809u2,8563,04/25/2017,12/07/2017,Dublin,Software
LE-898-59258,OP-290-56969,ACC-319-38157,OR-446-42293,QU-682-20078,IN-949-64063,Software and Drivers,S-3h9809u2,9816,07/09/2017,11/08/2017,Limerick,Software
LE-438-10331,OP-727-99171,ACC-225-31763,OR-074-11102,QU-599-46108,IN-302-47061,Software and Drivers,S-3h9809u2,6673,03/13/2017,01/20/2018,Galway,Software
LE-840-85629,OP-438-38899,ACC-594-72724,OR-301-69629,QU-819-40220,IN-256-26197,Software and Drivers,S-3h9809u2,5081,05/17/2017,02/07/2018,Maynooth,Software
LE-623-26392,OP-877-00832,ACC-871-04852,OR-431-63915,QU-630-50857,IN-966-50154,Software and Drivers,S-3h9809u2,9149,05/03/2017,01/16/2018,Dublin,Software
LE-266-29459,OP-722-11632,ACC-979-19498,OR-294-71426,QU-779-36196,IN-222-75435,Software and Drivers,S-3h9809u2,4488,07/07/2017,02/06/2018,Limerick,Software
LE-553-75914,OP-158-57239,ACC-897-14365,OR-365-35014,QU-995-71621,IN-923-10342,Software and Drivers,S-3h9809u2,6478,05/31/2017,10/14/2017,Galway,Software
LE-762-78030,OP-618-22909,ACC-534-46163,OR-318-40266,QU-916-27951,IN-946-37685,Software and Drivers,S-3h9809u2,5561,05/22/2017,01/31/2018,Maynooth,Software
LE-503-05331,OP-383-20715,ACC-938-67648,OR-655-97916,QU-393-08187,IN-275-25409,Software and Drivers,S-3h9809u2,4510,06/15/2017,01/23/2018,Dublin,Software
LE-496-85470,OP-445-49883,ACC-849-04227,OR-146-75910,QU-912-91157,IN-517-04355,Software and Drivers,S-3h9809u2,6310,03/05/2017,10/11/2017,Belfast,Software
LE-999-03292,OP-946-51043,ACC-939-82415,OR-601-29522,QU-873-65716,IN-153-50305,Software and Drivers,S-3h9809u2,7350,07/11/2017,11/04/2017,Cork,Software
LE-671-88372,OP-085-41303,ACC-311-62745,OR-432-46090,QU-071-57730,IN-031-60911,Software and Drivers,S-3h9809u2,6193,06/08/2017,02/28/2018,Cork,Software
LE-041-45846,OP-428-11030,ACC-931-50952,OR-845-26395,QU-297-31950,IN-837-94235,Software and Drivers,S-3h9809u2,3057,05/20/2017,02/04/2018,Belfast,Software
LE-172-66244,OP-963-11622,ACC-802-04634,OR-651-96463,QU-514-74848,IN-813-58449,Software and Drivers,S-3h9809u2,8444,07/25/2017,01/06/2018,Cork,Software
LE-144-23173,OP-578-47886,ACC-745-65367,OR-382-32517,QU-637-87574,IN-755-52783,Software and Drivers,S-3h9809u2,2619,07/22/2017,10/19/2017,Limerick,Software
LE-917-63197,OP-171-94946,ACC-612-27613,OR-001-49744,QU-696-52789,IN-099-63251,Software and Drivers,S-3h9809u2,3526,05/03/2017,02/02/2018,Cork,Software
LE-868-53309,OP-056-62419,ACC-881-24883,OR-960-29228,QU-756-00604,IN-660-11913,Software and Drivers,S-3h9809u2,7017,03/15/2017,12/10/2017,Maynooth,Software
LE-924-15033,OP-802-94939,ACC-205-19641,OR-291-19919,QU-639-40258,IN-505-06564,Software and Drivers,S-3h9809u2,7865,06/29/2017,01/03/2018,Limerick,Software
LE-188-00194,OP-763-79364,ACC-748-32176,OR-849-86102,QU-834-96535,IN-183-02322,Software and Drivers,S-3h9809u2,7400,04/25/2017,10/24/2017,Limerick,Software
LE-893-66929,OP-546-72183,ACC-123-67669,OR-365-32115,QU-819-56999,IN-004-19441,Software and Drivers,S-3h9809u2,4595,07/02/2017,12/19/2017,Cork,Software
LE-632-82817,OP-965-97339,ACC-193-08145,OR-397-66323,QU-821-97523,IN-122-27522,Software and Drivers,S-3h9809u2,1156,06/18/2017,11/13/2017,Belfast,Software
